Workbook
Name Список_Протокол: OFFSET(Справочники!$B$5,0,0,MAX(1,COUNTA(Справочники!$B$5:$B$104)),1)
Name Список_Действие_Торговля: OFFSET(Справочники!$C$5,0,0,MAX(1,COUNTA(Справочники!$C$5:$C$104)),1)

Sheet Ввод
B1: CRYPTO JOURNAL • ВВОД
B3: ОСНОВНЫЕ ДАННЫЕ | G3: РАЗДЕЛЫ
B5: Дата | G5: ТОРГОВЛЯ | I5: ЛЭНДИНГ
B6: 46299 | G6: Действие | H6: Buy | I6: Действие | J6: Операция
G7: Количество | H7: 0.5 | I7: Количество | J7: 1000
B8: Актив 1 | C8: Актив 2 | D8: Пара (авто) | G8: Курс | H8: 62000 | I8: Курс | J8: 1
B9: ETH | C9: BTC | D9: =IF(AND(TRIM(B9)<>"",TRIM(C9)<>""),UPPER(TRIM(B9))&"/"&UPPER(TRIM(C9)),"") | G9: Сумма (авто) | H9: =IF(AND(ISNUMBER(H7),ISNUMBER(H8)),H7*H8*(1-N(J19)/100),"") | I9: Сумма | J9: 1000
G10: ID закрыть | H10: T-0001 | I10: ID закрыть | J10: L-0001
B11: Протокол | G11: Сумма закрыть | H11: 15500 | I11: Сумма закрыть | J11: 500
B12: Binance
G13: ПУЛЫ
B14: Комментарий | G14: Действие | H14: Добавить | I14: Кол-во 1 | J14: 0.1
B15: Пробная операция | G15: ID позиции | H15: Новый | I15: Кол-во 2 | J15: 6200
G17: Обратный расчёт
G18: Сумма | H18: Курс (авто) | I18: Сумма (авто) | J18: Комиссия
G19: 31000 | H19: 62000 | I19: 31000 | J19: 0.2
B21: СТАТУС | G21: ЗАПИСАТЬ | I21: ОЧИСТИТЬ
B22: Готово к вводу
B24: Прототип v7: списки, проверки и автоматические поля (Пара, Сумма торговли); Пулы: Добавить/Закрыть, ID «Новый» по умолчанию. Макросов и рабочих кнопок нет.

Sheet Торговля
B1: CRYPTO JOURNAL • ТОРГОВЛЯ
B4: ID | C4: Дата | D4: Протокол | E4: Пара | F4: Кол-во | G4: Курс | H4: Сумма | I4: Кол-во | J4: Курс | K4: Сумма | L4: Дельта 1 | M4: Дельта 2
B5: T-0005 | C5: 46299 | D5: Bybit | E5: BNB/USDT | F5: 2 | G5: 585 | H5: 1167.66 | I5: 5 | J5: 600 | K5: 2994 | L5: =IF(AND(AND(ISNUMBER(F5),ISNUMBER(I5),ISNUMBER(H5),ISNUMBER(K5)),F5>0,I5>0,H5<>0),ROUND(MIN(F5,I5)*(K5/I5-H5/F5),8),"") | M5: =IF(AND(AND(ISNUMBER(F5),ISNUMBER(I5),ISNUMBER(H5),ISNUMBER(K5)),F5>0,I5>0,H5<>0),ROUND((K5/I5)/(H5/F5)*100-100,2),"")
B6: T-0001 | C6: 46296 | D6: Binance | E6: BTC/USDT | F6: 0.1 | G6: 62000 | H6: 6187.6 | L6: =IF(AND(AND(ISNUMBER(F6),ISNUMBER(I6),ISNUMBER(H6),ISNUMBER(K6)),F6>0,I6>0,H6<>0),ROUND(MIN(F6,I6)*(K6/I6-H6/F6),8),"") | M6: =IF(AND(AND(ISNUMBER(F6),ISNUMBER(I6),ISNUMBER(H6),ISNUMBER(K6)),F6>0,I6>0,H6<>0),ROUND((K6/I6)/(H6/F6)*100-100,2),"")
B7: T-0006 | C7: 46299 | D7: OKX | E7: BTC/USDT | F7: 0.05 | G7: 62200 | H7: 3103.78 | I7: 0.05 | J7: 63000 | K7: 3143.7 | L7: =IF(AND(AND(ISNUMBER(F7),ISNUMBER(I7),ISNUMBER(H7),ISNUMBER(K7)),F7>0,I7>0,H7<>0),ROUND(MIN(F7,I7)*(K7/I7-H7/F7),8),"") | M7: =IF(AND(AND(ISNUMBER(F7),ISNUMBER(I7),ISNUMBER(H7),ISNUMBER(K7)),F7>0,I7>0,H7<>0),ROUND((K7/I7)/(H7/F7)*100-100,2),"")
B8: T-0004 | C8: 46298 | D8: Binance | E8: ETH/BTC | I8: 1.5 | J8: 0.0525 | K8: 0.0785925 | L8: =IF(AND(AND(ISNUMBER(F8),ISNUMBER(I8),ISNUMBER(H8),ISNUMBER(K8)),F8>0,I8>0,H8<>0),ROUND(MIN(F8,I8)*(K8/I8-H8/F8),8),"") | M8: =IF(AND(AND(ISNUMBER(F8),ISNUMBER(I8),ISNUMBER(H8),ISNUMBER(K8)),F8>0,I8>0,H8<>0),ROUND((K8/I8)/(H8/F8)*100-100,2),"")
B9: T-0002 | C9: 46297 | D9: Bybit | E9: ETH/USDT | F9: 2 | G9: 3200 | H9: 6387.2 | I9: 1 | J9: 3350 | K9: 3343.3 | L9: =IF(AND(AND(ISNUMBER(F9),ISNUMBER(I9),ISNUMBER(H9),ISNUMBER(K9)),F9>0,I9>0,H9<>0),ROUND(MIN(F9,I9)*(K9/I9-H9/F9),8),"") | M9: =IF(AND(AND(ISNUMBER(F9),ISNUMBER(I9),ISNUMBER(H9),ISNUMBER(K9)),F9>0,I9>0,H9<>0),ROUND((K9/I9)/(H9/F9)*100-100,2),"")
B10: T-0007 | C10: 46300 | D10: Binance | E10: ETH/USDT | F10: 1.2 | G10: 3180 | H10: 3808.368 | L10: =IF(AND(AND(ISNUMBER(F10),ISNUMBER(I10),ISNUMBER(H10),ISNUMBER(K10)),F10>0,I10>0,H10<>0),ROUND(MIN(F10,I10)*(K10/I10-H10/F10),8),"") | M10: =IF(AND(AND(ISNUMBER(F10),ISNUMBER(I10),ISNUMBER(H10),ISNUMBER(K10)),F10>0,I10>0,H10<>0),ROUND((K10/I10)/(H10/F10)*100-100,2),"")
B11: T-0008 | C11: 46300 | D11: Bybit | E11: ETH/USDT | F11: 0.8 | G11: 3250 | H11: 2594.8 | L11: =IF(AND(AND(ISNUMBER(F11),ISNUMBER(I11),ISNUMBER(H11),ISNUMBER(K11)),F11>0,I11>0,H11<>0),ROUND(MIN(F11,I11)*(K11/I11-H11/F11),8),"") | M11: =IF(AND(AND(ISNUMBER(F11),ISNUMBER(I11),ISNUMBER(H11),ISNUMBER(K11)),F11>0,I11>0,H11<>0),ROUND((K11/I11)/(H11/F11)*100-100,2),"")
B12: T-0009 | C12: 46301 | D12: OKX | E12: ETH/USDT | I12: 1.5 | J12: 3400 | K12: 5089.8 | L12: =IF(AND(AND(ISNUMBER(F12),ISNUMBER(I12),ISNUMBER(H12),ISNUMBER(K12)),F12>0,I12>0,H12<>0),ROUND(MIN(F12,I12)*(K12/I12-H12/F12),8),"") | M12: =IF(AND(AND(ISNUMBER(F12),ISNUMBER(I12),ISNUMBER(H12),ISNUMBER(K12)),F12>0,I12>0,H12<>0),ROUND((K12/I12)/(H12/F12)*100-100,2),"")
B13: T-0003 | C13: 46298 | D13: OKX | E13: SOL/USDT | F13: 20 | G13: 145 | H13: 2894.2 | I13: 20 | J13: 152 | K13: 3033.92 | L13: =IF(AND(AND(ISNUMBER(F13),ISNUMBER(I13),ISNUMBER(H13),ISNUMBER(K13)),F13>0,I13>0,H13<>0),ROUND(MIN(F13,I13)*(K13/I13-H13/F13),8),"") | M13: =IF(AND(AND(ISNUMBER(F13),ISNUMBER(I13),ISNUMBER(H13),ISNUMBER(K13)),F13>0,I13>0,H13<>0),ROUND((K13/I13)/(H13/F13)*100-100,2),"")
B14: T-0010 | C14: 46300 | D14: Binance | E14: SOL/USDT | I14: 30 | J14: 150 | K14: 4491 | L14: =IF(AND(AND(ISNUMBER(F14),ISNUMBER(I14),ISNUMBER(H14),ISNUMBER(K14)),F14>0,I14>0,H14<>0),ROUND(MIN(F14,I14)*(K14/I14-H14/F14),8),"") | M14: =IF(AND(AND(ISNUMBER(F14),ISNUMBER(I14),ISNUMBER(H14),ISNUMBER(K14)),F14>0,I14>0,H14<>0),ROUND((K14/I14)/(H14/F14)*100-100,2),"")
B15: T-0011 | C15: 46301 | D15: Bybit | E15: SOL/USDT | I15: 10 | J15: 152 | K15: 1516.96 | L15: =IF(AND(AND(ISNUMBER(F15),ISNUMBER(I15),ISNUMBER(H15),ISNUMBER(K15)),F15>0,I15>0,H15<>0),ROUND(MIN(F15,I15)*(K15/I15-H15/F15),8),"") | M15: =IF(AND(AND(ISNUMBER(F15),ISNUMBER(I15),ISNUMBER(H15),ISNUMBER(K15)),F15>0,I15>0,H15<>0),ROUND((K15/I15)/(H15/F15)*100-100,2),"")
B16: T-0012 | C16: 46301 | D16: OKX | E16: SOL/USDT | F16: 25 | G16: 146 | H16: 3642.7 | L16: =IF(AND(AND(ISNUMBER(F16),ISNUMBER(I16),ISNUMBER(H16),ISNUMBER(K16)),F16>0,I16>0,H16<>0),ROUND(MIN(F16,I16)*(K16/I16-H16/F16),8),"") | M16: =IF(AND(AND(ISNUMBER(F16),ISNUMBER(I16),ISNUMBER(H16),ISNUMBER(K16)),F16>0,I16>0,H16<>0),ROUND((K16/I16)/(H16/F16)*100-100,2),"")

Sheet ИТОГО Торговля
B1: CRYPTO JOURNAL • ИТОГО ТОРГОВЛЯ
B4: Пара | C4: Кол-во | D4: Курс | E4: Сумма | F4: Кол-во | G4: Курс | H4: Сумма | I4: Дельта 1 | J4: Дельта 2 | K4: P&L | L4: P&L% | M4: Break even
B5: BNB/USDT | C5: =IF(SUMIFS(Торговля!$F$5:$F$200,Торговля!$E$5:$E$200,$B5)=0,"",SUMIFS(Торговля!$F$5:$F$200,Торговля!$E$5:$E$200,$B5)) | D5: =IF(C5="","",SUMPRODUCT((Торговля!$E$5:$E$200=$B5)*Торговля!$F$5:$F$200*Торговля!$G$5:$G$200)/C5) | E5: =IF(C5="","",SUMIFS(Торговля!$H$5:$H$200,Торговля!$E$5:$E$200,$B5)) | F5: =IF(SUMIFS(Торговля!$I$5:$I$200,Торговля!$E$5:$E$200,$B5)=0,"",SUMIFS(Торговля!$I$5:$I$200,Торговля!$E$5:$E$200,$B5)) | G5: =IF(F5="","",SUMPRODUCT((Торговля!$E$5:$E$200=$B5)*Торговля!$I$5:$I$200*Торговля!$J$5:$J$200)/F5) | H5: =IF(F5="","",SUMIFS(Торговля!$K$5:$K$200,Торговля!$E$5:$E$200,$B5)) | I5: =IF(AND(AND(ISNUMBER(C5),ISNUMBER(F5),ISNUMBER(E5),ISNUMBER(H5)),C5>0,F5>0,E5<>0),ROUND(MIN(C5,F5)*(H5/F5-E5/C5),8),"") | J5: =IF(AND(AND(ISNUMBER(C5),ISNUMBER(F5),ISNUMBER(E5),ISNUMBER(H5)),C5>0,F5>0,E5<>0),ROUND((H5/F5)/(E5/C5)*100-100,2),"")
B6: BTC/USDT | C6: =IF(SUMIFS(Торговля!$F$5:$F$200,Торговля!$E$5:$E$200,$B6)=0,"",SUMIFS(Торговля!$F$5:$F$200,Торговля!$E$5:$E$200,$B6)) | D6: =IF(C6="","",SUMPRODUCT((Торговля!$E$5:$E$200=$B6)*Торговля!$F$5:$F$200*Торговля!$G$5:$G$200)/C6) | E6: =IF(C6="","",SUMIFS(Торговля!$H$5:$H$200,Торговля!$E$5:$E$200,$B6)) | F6: =IF(SUMIFS(Торговля!$I$5:$I$200,Торговля!$E$5:$E$200,$B6)=0,"",SUMIFS(Торговля!$I$5:$I$200,Торговля!$E$5:$E$200,$B6)) | G6: =IF(F6="","",SUMPRODUCT((Торговля!$E$5:$E$200=$B6)*Торговля!$I$5:$I$200*Торговля!$J$5:$J$200)/F6) | H6: =IF(F6="","",SUMIFS(Торговля!$K$5:$K$200,Торговля!$E$5:$E$200,$B6)) | I6: =IF(AND(AND(ISNUMBER(C6),ISNUMBER(F6),ISNUMBER(E6),ISNUMBER(H6)),C6>0,F6>0,E6<>0),ROUND(MIN(C6,F6)*(H6/F6-E6/C6),8),"") | J6: =IF(AND(AND(ISNUMBER(C6),ISNUMBER(F6),ISNUMBER(E6),ISNUMBER(H6)),C6>0,F6>0,E6<>0),ROUND((H6/F6)/(E6/C6)*100-100,2),"")
B7: ETH/BTC | C7: =IF(SUMIFS(Торговля!$F$5:$F$200,Торговля!$E$5:$E$200,$B7)=0,"",SUMIFS(Торговля!$F$5:$F$200,Торговля!$E$5:$E$200,$B7)) | D7: =IF(C7="","",SUMPRODUCT((Торговля!$E$5:$E$200=$B7)*Торговля!$F$5:$F$200*Торговля!$G$5:$G$200)/C7) | E7: =IF(C7="","",SUMIFS(Торговля!$H$5:$H$200,Торговля!$E$5:$E$200,$B7)) | F7: =IF(SUMIFS(Торговля!$I$5:$I$200,Торговля!$E$5:$E$200,$B7)=0,"",SUMIFS(Торговля!$I$5:$I$200,Торговля!$E$5:$E$200,$B7)) | G7: =IF(F7="","",SUMPRODUCT((Торговля!$E$5:$E$200=$B7)*Торговля!$I$5:$I$200*Торговля!$J$5:$J$200)/F7) | H7: =IF(F7="","",SUMIFS(Торговля!$K$5:$K$200,Торговля!$E$5:$E$200,$B7)) | I7: =IF(AND(AND(ISNUMBER(C7),ISNUMBER(F7),ISNUMBER(E7),ISNUMBER(H7)),C7>0,F7>0,E7<>0),ROUND(MIN(C7,F7)*(H7/F7-E7/C7),8),"") | J7: =IF(AND(AND(ISNUMBER(C7),ISNUMBER(F7),ISNUMBER(E7),ISNUMBER(H7)),C7>0,F7>0,E7<>0),ROUND((H7/F7)/(E7/C7)*100-100,2),"")
B8: ETH/USDT | C8: =IF(SUMIFS(Торговля!$F$5:$F$200,Торговля!$E$5:$E$200,$B8)=0,"",SUMIFS(Торговля!$F$5:$F$200,Торговля!$E$5:$E$200,$B8)) | D8: =IF(C8="","",SUMPRODUCT((Торговля!$E$5:$E$200=$B8)*Торговля!$F$5:$F$200*Торговля!$G$5:$G$200)/C8) | E8: =IF(C8="","",SUMIFS(Торговля!$H$5:$H$200,Торговля!$E$5:$E$200,$B8)) | F8: =IF(SUMIFS(Торговля!$I$5:$I$200,Торговля!$E$5:$E$200,$B8)=0,"",SUMIFS(Торговля!$I$5:$I$200,Торговля!$E$5:$E$200,$B8)) | G8: =IF(F8="","",SUMPRODUCT((Торговля!$E$5:$E$200=$B8)*Торговля!$I$5:$I$200*Торговля!$J$5:$J$200)/F8) | H8: =IF(F8="","",SUMIFS(Торговля!$K$5:$K$200,Торговля!$E$5:$E$200,$B8)) | I8: =IF(AND(AND(ISNUMBER(C8),ISNUMBER(F8),ISNUMBER(E8),ISNUMBER(H8)),C8>0,F8>0,E8<>0),ROUND(MIN(C8,F8)*(H8/F8-E8/C8),8),"") | J8: =IF(AND(AND(ISNUMBER(C8),ISNUMBER(F8),ISNUMBER(E8),ISNUMBER(H8)),C8>0,F8>0,E8<>0),ROUND((H8/F8)/(E8/C8)*100-100,2),"")
B9: SOL/USDT | C9: =IF(SUMIFS(Торговля!$F$5:$F$200,Торговля!$E$5:$E$200,$B9)=0,"",SUMIFS(Торговля!$F$5:$F$200,Торговля!$E$5:$E$200,$B9)) | D9: =IF(C9="","",SUMPRODUCT((Торговля!$E$5:$E$200=$B9)*Торговля!$F$5:$F$200*Торговля!$G$5:$G$200)/C9) | E9: =IF(C9="","",SUMIFS(Торговля!$H$5:$H$200,Торговля!$E$5:$E$200,$B9)) | F9: =IF(SUMIFS(Торговля!$I$5:$I$200,Торговля!$E$5:$E$200,$B9)=0,"",SUMIFS(Торговля!$I$5:$I$200,Торговля!$E$5:$E$200,$B9)) | G9: =IF(F9="","",SUMPRODUCT((Торговля!$E$5:$E$200=$B9)*Торговля!$I$5:$I$200*Торговля!$J$5:$J$200)/F9) | H9: =IF(F9="","",SUMIFS(Торговля!$K$5:$K$200,Торговля!$E$5:$E$200,$B9)) | I9: =IF(AND(AND(ISNUMBER(C9),ISNUMBER(F9),ISNUMBER(E9),ISNUMBER(H9)),C9>0,F9>0,E9<>0),ROUND(MIN(C9,F9)*(H9/F9-E9/C9),8),"") | J9: =IF(AND(AND(ISNUMBER(C9),ISNUMBER(F9),ISNUMBER(E9),ISNUMBER(H9)),C9>0,F9>0,E9<>0),ROUND((H9/F9)/(E9/C9)*100-100,2),"")
I10: =IF(AND(AND(ISNUMBER(C10),ISNUMBER(F10),ISNUMBER(E10),ISNUMBER(H10)),C10>0,F10>0,E10<>0),ROUND(MIN(C10,F10)*(H10/F10-E10/C10),8),"") | J10: =IF(AND(AND(ISNUMBER(C10),ISNUMBER(F10),ISNUMBER(E10),ISNUMBER(H10)),C10>0,F10>0,E10<>0),ROUND((H10/F10)/(E10/C10)*100-100,2),"")
I11: =IF(AND(AND(ISNUMBER(C11),ISNUMBER(F11),ISNUMBER(E11),ISNUMBER(H11)),C11>0,F11>0,E11<>0),ROUND(MIN(C11,F11)*(H11/F11-E11/C11),8),"") | J11: =IF(AND(AND(ISNUMBER(C11),ISNUMBER(F11),ISNUMBER(E11),ISNUMBER(H11)),C11>0,F11>0,E11<>0),ROUND((H11/F11)/(E11/C11)*100-100,2),"")
I12: =IF(AND(AND(ISNUMBER(C12),ISNUMBER(F12),ISNUMBER(E12),ISNUMBER(H12)),C12>0,F12>0,E12<>0),ROUND(MIN(C12,F12)*(H12/F12-E12/C12),8),"") | J12: =IF(AND(AND(ISNUMBER(C12),ISNUMBER(F12),ISNUMBER(E12),ISNUMBER(H12)),C12>0,F12>0,E12<>0),ROUND((H12/F12)/(E12/C12)*100-100,2),"")

Sheet Лэндинг
B1: CRYPTO JOURNAL • ЛЭНДИНГ
B4: ID | C4: Дата | D4: Протокол | E4: Пара | F4: Кол-во | G4: Курс | H4: Сумма | I4: Кол-во | J4: Курс | K4: Сумма | L4: Дельта 1 | M4: Дельта 2
B5: L-0005 | C5: 46298 | D5: Bybit | E5: BNB/USDT | F5: 5 | G5: 590 | H5: 2950 | I5: 5 | J5: 575 | K5: 2875 | L5: =IF(AND(AND(ISNUMBER(F5),ISNUMBER(I5),ISNUMBER(H5),ISNUMBER(K5)),F5>0,I5>0,H5<>0),ROUND(MIN(F5,I5)*(K5/I5-H5/F5),8),"") | M5: =IF(AND(AND(ISNUMBER(F5),ISNUMBER(I5),ISNUMBER(H5),ISNUMBER(K5)),F5>0,I5>0,H5<>0),ROUND((K5/I5)/(H5/F5)*100-100,2),"")
B6: L-0002 | C6: 46296 | D6: Bybit | E6: BTC/USDT | F6: 0.25 | G6: 62000 | H6: 15500 | I6: 0.25 | J6: 64000 | K6: 16000 | L6: =IF(AND(AND(ISNUMBER(F6),ISNUMBER(I6),ISNUMBER(H6),ISNUMBER(K6)),F6>0,I6>0,H6<>0),ROUND(MIN(F6,I6)*(K6/I6-H6/F6),8),"") | M6: =IF(AND(AND(ISNUMBER(F6),ISNUMBER(I6),ISNUMBER(H6),ISNUMBER(K6)),F6>0,I6>0,H6<>0),ROUND((K6/I6)/(H6/F6)*100-100,2),"")
B7: L-0006 | C7: 46299 | D7: OKX | E7: BTC/USDT | F7: 0.1 | G7: 62500 | H7: 6250 | I7: 0.1 | J7: 63100 | K7: 6310 | L7: =IF(AND(AND(ISNUMBER(F7),ISNUMBER(I7),ISNUMBER(H7),ISNUMBER(K7)),F7>0,I7>0,H7<>0),ROUND(MIN(F7,I7)*(K7/I7-H7/F7),8),"") | M7: =IF(AND(AND(ISNUMBER(F7),ISNUMBER(I7),ISNUMBER(H7),ISNUMBER(K7)),F7>0,I7>0,H7<>0),ROUND((K7/I7)/(H7/F7)*100-100,2),"")
B8: L-0001 | C8: 46296 | D8: Binance | E8: ETH/BTC | F8: 0.5 | G8: 0.0521 | H8: 0.02605 | I8: 0.5 | J8: 0.0534 | K8: 0.0267 | L8: =IF(AND(AND(ISNUMBER(F8),ISNUMBER(I8),ISNUMBER(H8),ISNUMBER(K8)),F8>0,I8>0,H8<>0),ROUND(MIN(F8,I8)*(K8/I8-H8/F8),8),"") | M8: =IF(AND(AND(ISNUMBER(F8),ISNUMBER(I8),ISNUMBER(H8),ISNUMBER(K8)),F8>0,I8>0,H8<>0),ROUND((K8/I8)/(H8/F8)*100-100,2),"")
B9: L-0007 | C9: 46299 | D9: Binance | E9: ETH/BTC | F9: 0.8 | G9: 0.0518 | H9: 0.04144 | I9: 0.8 | J9: 0.053 | K9: 0.0424 | L9: =IF(AND(AND(ISNUMBER(F9),ISNUMBER(I9),ISNUMBER(H9),ISNUMBER(K9)),F9>0,I9>0,H9<>0),ROUND(MIN(F9,I9)*(K9/I9-H9/F9),8),"") | M9: =IF(AND(AND(ISNUMBER(F9),ISNUMBER(I9),ISNUMBER(H9),ISNUMBER(K9)),F9>0,I9>0,H9<>0),ROUND((K9/I9)/(H9/F9)*100-100,2),"")
B10: L-0004 | C10: 46298 | D10: Binance | E10: ETH/USDT | F10: 1.2 | G10: 3200 | H10: 3840 | I10: 1.2 | J10: 3350 | K10: 4020 | L10: =IF(AND(AND(ISNUMBER(F10),ISNUMBER(I10),ISNUMBER(H10),ISNUMBER(K10)),F10>0,I10>0,H10<>0),ROUND(MIN(F10,I10)*(K10/I10-H10/F10),8),"") | M10: =IF(AND(AND(ISNUMBER(F10),ISNUMBER(I10),ISNUMBER(H10),ISNUMBER(K10)),F10>0,I10>0,H10<>0),ROUND((K10/I10)/(H10/F10)*100-100,2),"")
B11: L-0003 | C11: 46297 | D11: OKX | E11: SOL/USDT | F11: 20 | G11: 145 | H11: 2900 | I11: 20 | J11: 139 | K11: 2780 | L11: =IF(AND(AND(ISNUMBER(F11),ISNUMBER(I11),ISNUMBER(H11),ISNUMBER(K11)),F11>0,I11>0,H11<>0),ROUND(MIN(F11,I11)*(K11/I11-H11/F11),8),"") | M11: =IF(AND(AND(ISNUMBER(F11),ISNUMBER(I11),ISNUMBER(H11),ISNUMBER(K11)),F11>0,I11>0,H11<>0),ROUND((K11/I11)/(H11/F11)*100-100,2),"")
B12: L-0008 | C12: 46299 | D12: Bybit | E12: SOL/USDT | F12: 15 | G12: 142 | H12: 2130 | I12: 15 | J12: 147 | K12: 2205 | L12: =IF(AND(AND(ISNUMBER(F12),ISNUMBER(I12),ISNUMBER(H12),ISNUMBER(K12)),F12>0,I12>0,H12<>0),ROUND(MIN(F12,I12)*(K12/I12-H12/F12),8),"") | M12: =IF(AND(AND(ISNUMBER(F12),ISNUMBER(I12),ISNUMBER(H12),ISNUMBER(K12)),F12>0,I12>0,H12<>0),ROUND((K12/I12)/(H12/F12)*100-100,2),"")

Sheet ИТОГО Лэндинг
B1: CRYPTO JOURNAL • ИТОГО ЛЭНДИНГ
B4: Пара | C4: Кол-во | D4: Курс | E4: Сумма | F4: Кол-во | G4: Курс | H4: Сумма | I4: Дельта 1 | J4: Дельта 2 | K4: P&L | L4: P&L% | M4: Break even
B5: ETH/BTC | C5: 0.5 | D5: 0.0521 | E5: 0.02605 | F5: 0.5 | G5: 0.0534 | H5: 0.0267 | I5: =IF(AND(AND(ISNUMBER(C5),ISNUMBER(F5),ISNUMBER(E5),ISNUMBER(H5)),C5>0,F5>0,E5<>0),ROUND(MIN(C5,F5)*(H5/F5-E5/C5),8),"") | J5: =IF(AND(AND(ISNUMBER(C5),ISNUMBER(F5),ISNUMBER(E5),ISNUMBER(H5)),C5>0,F5>0,E5<>0),ROUND((H5/F5)/(E5/C5)*100-100,2),"") | K5: 0.00063 | L5: 2.42 | M5: 0.0522
B6: BTC/USDT | C6: 0.25 | D6: 62000 | E6: 15500 | F6: 0.25 | G6: 64000 | H6: 16000 | I6: =IF(AND(AND(ISNUMBER(C6),ISNUMBER(F6),ISNUMBER(E6),ISNUMBER(H6)),C6>0,F6>0,E6<>0),ROUND(MIN(C6,F6)*(H6/F6-E6/C6),8),"") | J6: =IF(AND(AND(ISNUMBER(C6),ISNUMBER(F6),ISNUMBER(E6),ISNUMBER(H6)),C6>0,F6>0,E6<>0),ROUND((H6/F6)/(E6/C6)*100-100,2),"") | K6: 485 | L6: 3.13 | M6: 62155
B7: SOL/USDT | C7: 20 | D7: 145 | E7: 2900 | F7: 20 | G7: 139 | H7: 2780 | I7: =IF(AND(AND(ISNUMBER(C7),ISNUMBER(F7),ISNUMBER(E7),ISNUMBER(H7)),C7>0,F7>0,E7<>0),ROUND(MIN(C7,F7)*(H7/F7-E7/C7),8),"") | J7: =IF(AND(AND(ISNUMBER(C7),ISNUMBER(F7),ISNUMBER(E7),ISNUMBER(H7)),C7>0,F7>0,E7<>0),ROUND((H7/F7)/(E7/C7)*100-100,2),"") | K7: -125 | L7: -4.31 | M7: 145.3
B8: ETH/USDT | C8: 1.2 | D8: 3200 | E8: 3840 | F8: 1.2 | G8: 3350 | H8: 4020 | I8: =IF(AND(AND(ISNUMBER(C8),ISNUMBER(F8),ISNUMBER(E8),ISNUMBER(H8)),C8>0,F8>0,E8<>0),ROUND(MIN(C8,F8)*(H8/F8-E8/C8),8),"") | J8: =IF(AND(AND(ISNUMBER(C8),ISNUMBER(F8),ISNUMBER(E8),ISNUMBER(H8)),C8>0,F8>0,E8<>0),ROUND((H8/F8)/(E8/C8)*100-100,2),"") | K8: 175 | L8: 4.56 | M8: 3203.84
B9: BNB/USDT | C9: 5 | D9: 590 | E9: 2950 | F9: 5 | G9: 575 | H9: 2875 | I9: =IF(AND(AND(ISNUMBER(C9),ISNUMBER(F9),ISNUMBER(E9),ISNUMBER(H9)),C9>0,F9>0,E9<>0),ROUND(MIN(C9,F9)*(H9/F9-E9/C9),8),"") | J9: =IF(AND(AND(ISNUMBER(C9),ISNUMBER(F9),ISNUMBER(E9),ISNUMBER(H9)),C9>0,F9>0,E9<>0),ROUND((H9/F9)/(E9/C9)*100-100,2),"") | K9: -80 | L9: -2.71 | M9: 590.6
B10: BTC/USDT | C10: 0.1 | D10: 62500 | E10: 6250 | F10: 0.1 | G10: 63100 | H10: 6310 | I10: =IF(AND(AND(ISNUMBER(C10),ISNUMBER(F10),ISNUMBER(E10),ISNUMBER(H10)),C10>0,F10>0,E10<>0),ROUND(MIN(C10,F10)*(H10/F10-E10/C10),8),"") | J10: =IF(AND(AND(ISNUMBER(C10),ISNUMBER(F10),ISNUMBER(E10),ISNUMBER(H10)),C10>0,F10>0,E10<>0),ROUND((H10/F10)/(E10/C10)*100-100,2),"") | K10: 55 | L10: 0.88 | M10: 62512.5
B11: ETH/BTC | C11: 0.8 | D11: 0.0518 | E11: 0.04144 | F11: 0.8 | G11: 0.053 | H11: 0.0424 | I11: =IF(AND(AND(ISNUMBER(C11),ISNUMBER(F11),ISNUMBER(E11),ISNUMBER(H11)),C11>0,F11>0,E11<>0),ROUND(MIN(C11,F11)*(H11/F11-E11/C11),8),"") | J11: =IF(AND(AND(ISNUMBER(C11),ISNUMBER(F11),ISNUMBER(E11),ISNUMBER(H11)),C11>0,F11>0,E11<>0),ROUND((H11/F11)/(E11/C11)*100-100,2),"") | K11: 0.00092 | L11: 2.22 | M11: 0.05185
B12: SOL/USDT | C12: 15 | D12: 142 | E12: 2130 | F12: 15 | G12: 147 | H12: 2205 | I12: =IF(AND(AND(ISNUMBER(C12),ISNUMBER(F12),ISNUMBER(E12),ISNUMBER(H12)),C12>0,F12>0,E12<>0),ROUND(MIN(C12,F12)*(H12/F12-E12/C12),8),"") | J12: =IF(AND(AND(ISNUMBER(C12),ISNUMBER(F12),ISNUMBER(E12),ISNUMBER(H12)),C12>0,F12>0,E12<>0),ROUND((H12/F12)/(E12/C12)*100-100,2),"") | K12: 70 | L12: 3.29 | M12: 142.28

Sheet Пул
B1: CRYPTO JOURNAL • ПУЛ
B4: ID | C4: Дата | D4: Протокол | E4: Пара | F4: Актив 1 | G4: Актив 2 | H4: Актив 1 | I4: Актив 2
B5: P-0003 | C5: 46297 | D5: PancakeSwap | E5: BNB/USDT | F5: 4 | G5: 2360
B6: P-0006 | C6: 46299 | D6: Uniswap | E6: BTC/USDT | F6: 0.05 | G6: 3125
B7: P-0001 | C7: 46296 | D7: Uniswap | E7: ETH/BTC | F7: 2 | G7: 0.104
B8: P-0007 | C8: 46299 | D8: PancakeSwap | E8: ETH/BTC | F8: 1.2 | G8: 0.0624
B9: P-0004 | C9: 46298 | D9: Uniswap | E9: ETH/USDT | F9: 1.5 | G9: 4800 | H9: 0.5 | I9: 1600
B10: P-0002 | C10: 46296 | D10: Raydium | E10: SOL/USDT | F10: 30 | G10: 4350
B11: P-0005 | C11: 46298 | D11: Orca | E11: SOL/USDT | F11: 12 | G11: 1740
B12: P-0008 | C12: 46299 | D12: Raydium | E12: SOL/USDT | F12: 25 | G12: 3625 | H12: 5 | I12: 725

Sheet Пул Закрытые
B1: CRYPTO JOURNAL • ПУЛ ЗАКРЫТЫЕ
B4: ID | C4: Дата открытия | D4: Дата закрытия | E4: Протокол | F4: Пара | G4: Актив 1 | H4: Актив 2 | I4: Актив 1 | J4: Актив 2 | K4: Дельта 1 | L4: Дельта 2 | M4: Действие | N4: Курс
B5: P-0003 | C5: 46297 | D5: 46300 | E5: PancakeSwap | F5: BNB/USDT | G5: 4 | H5: 2360 | I5: 4.2 | J5: 2236 | K5: =IF(AND(ISNUMBER(G5),ISNUMBER(I5)),ROUND(I5-G5,8),"") | L5: =IF(AND(ISNUMBER(H5),ISNUMBER(J5)),ROUND(J5-H5,8),"") | M5: =IF(AND(ISNUMBER(K5),ISNUMBER(L5)),IF(AND(K5>0,L5<0),"Buy",IF(AND(K5<0,L5>0),"Sell","")),"") | N5: =IF(M5="","",ROUND(ABS(L5/K5),8))
B6: P-0006 | C6: 46299 | D6: 46300 | E6: Uniswap | F6: BTC/USDT | G6: 0.05 | H6: 3125 | I6: 0.048 | J6: 3250 | K6: =IF(AND(ISNUMBER(G6),ISNUMBER(I6)),ROUND(I6-G6,8),"") | L6: =IF(AND(ISNUMBER(H6),ISNUMBER(J6)),ROUND(J6-H6,8),"") | M6: =IF(AND(ISNUMBER(K6),ISNUMBER(L6)),IF(AND(K6>0,L6<0),"Buy",IF(AND(K6<0,L6>0),"Sell","")),"") | N6: =IF(M6="","",ROUND(ABS(L6/K6),8))
B7: P-0001 | C7: 46296 | D7: 46300 | E7: Uniswap | F7: ETH/BTC | G7: 2 | H7: 0.104 | I7: 1.96 | J7: 0.10608 | K7: =IF(AND(ISNUMBER(G7),ISNUMBER(I7)),ROUND(I7-G7,8),"") | L7: =IF(AND(ISNUMBER(H7),ISNUMBER(J7)),ROUND(J7-H7,8),"") | M7: =IF(AND(ISNUMBER(K7),ISNUMBER(L7)),IF(AND(K7>0,L7<0),"Buy",IF(AND(K7<0,L7>0),"Sell","")),"") | N7: =IF(M7="","",ROUND(ABS(L7/K7),8))
B8: P-0007 | C8: 46299 | D8: 46301 | E8: PancakeSwap | F8: ETH/BTC | G8: 1.2 | H8: 0.0624 | I8: 1.25 | J8: 0.0598 | K8: =IF(AND(ISNUMBER(G8),ISNUMBER(I8)),ROUND(I8-G8,8),"") | L8: =IF(AND(ISNUMBER(H8),ISNUMBER(J8)),ROUND(J8-H8,8),"") | M8: =IF(AND(ISNUMBER(K8),ISNUMBER(L8)),IF(AND(K8>0,L8<0),"Buy",IF(AND(K8<0,L8>0),"Sell","")),"") | N8: =IF(M8="","",ROUND(ABS(L8/K8),8))
B9: P-0002 | C9: 46296 | D9: 46300 | E9: Raydium | F9: SOL/USDT | G9: 30 | H9: 4350 | I9: 28.5 | J9: 4567.5 | K9: =IF(AND(ISNUMBER(G9),ISNUMBER(I9)),ROUND(I9-G9,8),"") | L9: =IF(AND(ISNUMBER(H9),ISNUMBER(J9)),ROUND(J9-H9,8),"") | M9: =IF(AND(ISNUMBER(K9),ISNUMBER(L9)),IF(AND(K9>0,L9<0),"Buy",IF(AND(K9<0,L9>0),"Sell","")),"") | N9: =IF(M9="","",ROUND(ABS(L9/K9),8))
B10: P-0005 | C10: 46298 | D10: 46301 | E10: Orca | F10: SOL/USDT | G10: 12 | H10: 1740 | I10: 12.6 | J10: 1653 | K10: =IF(AND(ISNUMBER(G10),ISNUMBER(I10)),ROUND(I10-G10,8),"") | L10: =IF(AND(ISNUMBER(H10),ISNUMBER(J10)),ROUND(J10-H10,8),"") | M10: =IF(AND(ISNUMBER(K10),ISNUMBER(L10)),IF(AND(K10>0,L10<0),"Buy",IF(AND(K10<0,L10>0),"Sell","")),"") | N10: =IF(M10="","",ROUND(ABS(L10/K10),8))
K11: =IF(AND(ISNUMBER(G11),ISNUMBER(I11)),ROUND(I11-G11,8),"") | L11: =IF(AND(ISNUMBER(H11),ISNUMBER(J11)),ROUND(J11-H11,8),"") | M11: =IF(AND(ISNUMBER(K11),ISNUMBER(L11)),IF(AND(K11>0,L11<0),"Buy",IF(AND(K11<0,L11>0),"Sell","")),"") | N11: =IF(M11="","",ROUND(ABS(L11/K11),8))
K12: =IF(AND(ISNUMBER(G12),ISNUMBER(I12)),ROUND(I12-G12,8),"") | L12: =IF(AND(ISNUMBER(H12),ISNUMBER(J12)),ROUND(J12-H12,8),"") | M12: =IF(AND(ISNUMBER(K12),ISNUMBER(L12)),IF(AND(K12>0,L12<0),"Buy",IF(AND(K12<0,L12>0),"Sell","")),"") | N12: =IF(M12="","",ROUND(ABS(L12/K12),8))

Sheet ИТОГО ПУЛ
B1: CRYPTO JOURNAL • ИТОГО ПУЛ
B4: Пара | C4: Актив 1 | D4: Актив 2 | E4: Актив 1 | F4: Актив 2 | G4: Дельта 1 | H4: Дельта 2 | I4: Действие | J4: Кол-во | K4: Курс | L4: Сумма
B5: ETH/BTC | C5: 2 | D5: 0.104 | E5: 1.96 | F5: 0.1092 | G5: -0.04 | H5: 0.0052 | I5: Удалить | J5: 0.5 | K5: 0.052 | L5: 0.026
B6: SOL/USDT | C6: 30 | D6: 4350 | E6: 28.5 | F6: 4560 | G6: -1.5 | H6: 210 | I6: Удалить | J6: 10 | K6: 145 | L6: 1450
B7: BNB/USDT | C7: 4 | D7: 2360 | E7: 4.2 | F7: 2300 | G7: 0.2 | H7: -60 | I7: Добавить | J7: 1 | K7: 590 | L7: 590
B8: ETH/USDT | C8: 1.5 | D8: 4800 | E8: 1.45 | F8: 4960 | G8: -0.05 | H8: 160 | I8: Удалить | J8: 0.5 | K8: 3200 | L8: 1600
B9: SOL/USDT | C9: 12 | D9: 1740 | E9: 12.6 | F9: 1692 | G9: 0.6 | H9: -48 | I9: Добавить | J9: 3 | K9: 145 | L9: 435
B10: BTC/USDT | C10: 0.05 | D10: 3125 | E10: 0.048 | F10: 3225 | G10: -0.002 | H10: 100 | I10: Удалить | J10: 0.01 | K10: 62500 | L10: 625
B11: ETH/BTC | C11: 1.2 | D11: 0.0624 | E11: 1.25 | F11: 0.0598 | G11: 0.05 | H11: -0.0026 | I11: Добавить | J11: 0.3 | K11: 0.052 | L11: 0.0156
B12: SOL/USDT | C12: 25 | D12: 3625 | E12: 24 | F12: 3770 | G12: -1 | H12: 145 | I12: Удалить | J12: 5 | K12: 145 | L12: 725

Sheet Закрытые
B1: CRYPTO JOURNAL • ЗАКРЫТЫЕ
B4: ID | C4: Дата открытия | D4: Дата закрытия | E4: Протокол | F4: Пара | G4: Кол-во | H4: Курс | I4: Сумма | J4: Кол-во | K4: Курс | L4: Сумма | M4: Дельта 1 | N4: Дельта 2 | O4: P&L | P4: P&L% | Q4: Break even
B5: T-0006 | C5: 46299 | D5: 46300 | E5: OKX | F5: BTC/USDT | G5: 0.05 | H5: 62200 | I5: 3103.78 | J5: 0.05 | K5: 63000 | L5: 3143.7 | M5: =IF(AND(AND(ISNUMBER(G5),ISNUMBER(J5),ISNUMBER(I5),ISNUMBER(L5)),G5>0,J5>0,I5<>0),ROUND(MIN(G5,J5)*(L5/J5-I5/G5),8),"") | N5: =IF(AND(AND(ISNUMBER(G5),ISNUMBER(J5),ISNUMBER(I5),ISNUMBER(L5)),G5>0,J5>0,I5<>0),ROUND((L5/J5)/(I5/G5)*100-100,2),"")
B6: T-0003 | C6: 46298 | D6: 46300 | E6: OKX | F6: SOL/USDT | G6: 20 | H6: 145 | I6: 2894.2 | J6: 20 | K6: 152 | L6: 3033.92 | M6: =IF(AND(AND(ISNUMBER(G6),ISNUMBER(J6),ISNUMBER(I6),ISNUMBER(L6)),G6>0,J6>0,I6<>0),ROUND(MIN(G6,J6)*(L6/J6-I6/G6),8),"") | N6: =IF(AND(AND(ISNUMBER(G6),ISNUMBER(J6),ISNUMBER(I6),ISNUMBER(L6)),G6>0,J6>0,I6<>0),ROUND((L6/J6)/(I6/G6)*100-100,2),"")
M7: =IF(AND(AND(ISNUMBER(G7),ISNUMBER(J7),ISNUMBER(I7),ISNUMBER(L7)),G7>0,J7>0,I7<>0),ROUND(MIN(G7,J7)*(L7/J7-I7/G7),8),"") | N7: =IF(AND(AND(ISNUMBER(G7),ISNUMBER(J7),ISNUMBER(I7),ISNUMBER(L7)),G7>0,J7>0,I7<>0),ROUND((L7/J7)/(I7/G7)*100-100,2),"")
M8: =IF(AND(AND(ISNUMBER(G8),ISNUMBER(J8),ISNUMBER(I8),ISNUMBER(L8)),G8>0,J8>0,I8<>0),ROUND(MIN(G8,J8)*(L8/J8-I8/G8),8),"") | N8: =IF(AND(AND(ISNUMBER(G8),ISNUMBER(J8),ISNUMBER(I8),ISNUMBER(L8)),G8>0,J8>0,I8<>0),ROUND((L8/J8)/(I8/G8)*100-100,2),"")
M9: =IF(AND(AND(ISNUMBER(G9),ISNUMBER(J9),ISNUMBER(I9),ISNUMBER(L9)),G9>0,J9>0,I9<>0),ROUND(MIN(G9,J9)*(L9/J9-I9/G9),8),"") | N9: =IF(AND(AND(ISNUMBER(G9),ISNUMBER(J9),ISNUMBER(I9),ISNUMBER(L9)),G9>0,J9>0,I9<>0),ROUND((L9/J9)/(I9/G9)*100-100,2),"")
M10: =IF(AND(AND(ISNUMBER(G10),ISNUMBER(J10),ISNUMBER(I10),ISNUMBER(L10)),G10>0,J10>0,I10<>0),ROUND(MIN(G10,J10)*(L10/J10-I10/G10),8),"") | N10: =IF(AND(AND(ISNUMBER(G10),ISNUMBER(J10),ISNUMBER(I10),ISNUMBER(L10)),G10>0,J10>0,I10<>0),ROUND((L10/J10)/(I10/G10)*100-100,2),"")
M11: =IF(AND(AND(ISNUMBER(G11),ISNUMBER(J11),ISNUMBER(I11),ISNUMBER(L11)),G11>0,J11>0,I11<>0),ROUND(MIN(G11,J11)*(L11/J11-I11/G11),8),"") | N11: =IF(AND(AND(ISNUMBER(G11),ISNUMBER(J11),ISNUMBER(I11),ISNUMBER(L11)),G11>0,J11>0,I11<>0),ROUND((L11/J11)/(I11/G11)*100-100,2),"")
M12: =IF(AND(AND(ISNUMBER(G12),ISNUMBER(J12),ISNUMBER(I12),ISNUMBER(L12)),G12>0,J12>0,I12<>0),ROUND(MIN(G12,J12)*(L12/J12-I12/G12),8),"") | N12: =IF(AND(AND(ISNUMBER(G12),ISNUMBER(J12),ISNUMBER(I12),ISNUMBER(L12)),G12>0,J12>0,I12<>0),ROUND((L12/J12)/(I12/G12)*100-100,2),"")

Sheet ИТОГО
B1: CRYPTO JOURNAL • ИТОГО
B4: Пара | C4: Кол-во | D4: Курс | E4: Сумма | F4: Кол-во | G4: Курс | H4: Сумма | I4: Дельта 1 | J4: Дельта 2 | K4: P&L | L4: P&L% | M4: Break even
B5: ETH/BTC | C5: 0.5 | D5: 0.0521 | E5: 0.02605 | F5: 0.5 | G5: 0.0534 | H5: 0.0267 | I5: =IF(AND(AND(ISNUMBER(C5),ISNUMBER(F5),ISNUMBER(E5),ISNUMBER(H5)),C5>0,F5>0,E5<>0),ROUND(MIN(C5,F5)*(H5/F5-E5/C5),8),"") | J5: =IF(AND(AND(ISNUMBER(C5),ISNUMBER(F5),ISNUMBER(E5),ISNUMBER(H5)),C5>0,F5>0,E5<>0),ROUND((H5/F5)/(E5/C5)*100-100,2),"") | K5: 0.00063 | L5: 2.42 | M5: 0.0522
B6: BTC/USDT | C6: 0.25 | D6: 62000 | E6: 15500 | F6: 0.25 | G6: 64000 | H6: 16000 | I6: =IF(AND(AND(ISNUMBER(C6),ISNUMBER(F6),ISNUMBER(E6),ISNUMBER(H6)),C6>0,F6>0,E6<>0),ROUND(MIN(C6,F6)*(H6/F6-E6/C6),8),"") | J6: =IF(AND(AND(ISNUMBER(C6),ISNUMBER(F6),ISNUMBER(E6),ISNUMBER(H6)),C6>0,F6>0,E6<>0),ROUND((H6/F6)/(E6/C6)*100-100,2),"") | K6: 485 | L6: 3.13 | M6: 62155
B7: SOL/USDT | C7: 20 | D7: 145 | E7: 2900 | F7: 20 | G7: 139 | H7: 2780 | I7: =IF(AND(AND(ISNUMBER(C7),ISNUMBER(F7),ISNUMBER(E7),ISNUMBER(H7)),C7>0,F7>0,E7<>0),ROUND(MIN(C7,F7)*(H7/F7-E7/C7),8),"") | J7: =IF(AND(AND(ISNUMBER(C7),ISNUMBER(F7),ISNUMBER(E7),ISNUMBER(H7)),C7>0,F7>0,E7<>0),ROUND((H7/F7)/(E7/C7)*100-100,2),"") | K7: -125 | L7: -4.31 | M7: 145.3
B8: ETH/USDT | C8: 1.2 | D8: 3200 | E8: 3840 | F8: 1.2 | G8: 3350 | H8: 4020 | I8: =IF(AND(AND(ISNUMBER(C8),ISNUMBER(F8),ISNUMBER(E8),ISNUMBER(H8)),C8>0,F8>0,E8<>0),ROUND(MIN(C8,F8)*(H8/F8-E8/C8),8),"") | J8: =IF(AND(AND(ISNUMBER(C8),ISNUMBER(F8),ISNUMBER(E8),ISNUMBER(H8)),C8>0,F8>0,E8<>0),ROUND((H8/F8)/(E8/C8)*100-100,2),"") | K8: 175 | L8: 4.56 | M8: 3203.84
B9: BNB/USDT | C9: 5 | D9: 590 | E9: 2950 | F9: 5 | G9: 575 | H9: 2875 | I9: =IF(AND(AND(ISNUMBER(C9),ISNUMBER(F9),ISNUMBER(E9),ISNUMBER(H9)),C9>0,F9>0,E9<>0),ROUND(MIN(C9,F9)*(H9/F9-E9/C9),8),"") | J9: =IF(AND(AND(ISNUMBER(C9),ISNUMBER(F9),ISNUMBER(E9),ISNUMBER(H9)),C9>0,F9>0,E9<>0),ROUND((H9/F9)/(E9/C9)*100-100,2),"") | K9: -80 | L9: -2.71 | M9: 590.6
B10: BTC/USDT | C10: 0.1 | D10: 62500 | E10: 6250 | F10: 0.1 | G10: 63100 | H10: 6310 | I10: =IF(AND(AND(ISNUMBER(C10),ISNUMBER(F10),ISNUMBER(E10),ISNUMBER(H10)),C10>0,F10>0,E10<>0),ROUND(MIN(C10,F10)*(H10/F10-E10/C10),8),"") | J10: =IF(AND(AND(ISNUMBER(C10),ISNUMBER(F10),ISNUMBER(E10),ISNUMBER(H10)),C10>0,F10>0,E10<>0),ROUND((H10/F10)/(E10/C10)*100-100,2),"") | K10: 55 | L10: 0.88 | M10: 62512.5
B11: ETH/BTC | C11: 0.8 | D11: 0.0518 | E11: 0.04144 | F11: 0.8 | G11: 0.053 | H11: 0.0424 | I11: =IF(AND(AND(ISNUMBER(C11),ISNUMBER(F11),ISNUMBER(E11),ISNUMBER(H11)),C11>0,F11>0,E11<>0),ROUND(MIN(C11,F11)*(H11/F11-E11/C11),8),"") | J11: =IF(AND(AND(ISNUMBER(C11),ISNUMBER(F11),ISNUMBER(E11),ISNUMBER(H11)),C11>0,F11>0,E11<>0),ROUND((H11/F11)/(E11/C11)*100-100,2),"") | K11: 0.00092 | L11: 2.22 | M11: 0.05185
B12: SOL/USDT | C12: 15 | D12: 142 | E12: 2130 | F12: 15 | G12: 147 | H12: 2205 | I12: =IF(AND(AND(ISNUMBER(C12),ISNUMBER(F12),ISNUMBER(E12),ISNUMBER(H12)),C12>0,F12>0,E12<>0),ROUND(MIN(C12,F12)*(H12/F12-E12/C12),8),"") | J12: =IF(AND(AND(ISNUMBER(C12),ISNUMBER(F12),ISNUMBER(E12),ISNUMBER(H12)),C12>0,F12>0,E12<>0),ROUND((H12/F12)/(E12/C12)*100-100,2),"") | K12: 70 | L12: 3.29 | M12: 142.28

Sheet Справочники
B1: CRYPTO JOURNAL • СПРАВОЧНИКИ
B4: Протокол | C4: Действие (Торговля)
B5: Binance | C5: Buy
B6: Bybit | C6: Sell
B7: OKX
B8: Uniswap
B9: AAVE
B10: Raydium
