Workbook
Name Список_Протокол: OFFSET(Справочники!$B$5,0,0,MAX(1,COUNTA(Справочники!$B$5:$B$104)),1)
Name Список_Действие_Торговля: OFFSET(Справочники!$C$5,0,0,MAX(1,COUNTA(Справочники!$C$5:$C$104)),1)

Sheet Ввод
B1: CRYPTO JOURNAL • ВВОД
B3: ОСНОВНЫЕ ДАННЫЕ
B4: Дата | C4: Актив 1 | D4: Актив 2 | E4: Пара (авто) | F4: Протокол | G4: Статус
B5: 46299 | C5: ETH | D5: BTC | E5: =IF(AND(TRIM(C5)<>"",TRIM(D5)<>""),UPPER(TRIM(C5))&"/"&UPPER(TRIM(D5)),"") | F5: Binance | G5: =IF((COUNTA($C$9,$C$10,$C$12,$C$13)>0)+(COUNTA($E$9,$E$10,$E$12,$E$13)>0)+(COUNTA($G$9:$G$13)>0)>1,"Два раздела",IF(COUNTA($C$9,$C$10,$C$12,$C$13)>0,IF(C8="","Нет действия",IF(NOT(ISNUMBER(C9)),"Нет Кол-ва",IF(C12="",IF(C13<>"","Нет ID",IF(NOT(ISNUMBER(C10)),"Нет курса","Новая позиция")),IF(ISNA(MATCH(C12,Торговля!$B$5:$B$300,0)),"Нет ID",IF(NOT(ISNUMBER(C10)),"Нет курса",IF(ISNUMBER(INDEX(Торговля!$F$5:$F$300,MATCH(C12,Торговля!$B$5:$B$300,0)))=(C8="Buy"),"Увеличение",IF(C13="Полностью","Закрытие полностью","Закрытие частично"))))))),IF(COUNTA($E$9,$E$10,$E$12,$E$13)>0,IF(E8="","Нет действия",IF(NOT(ISNUMBER(E9)),"Нет Кол-ва",IF(E12="",IF(E13<>"","Нет ID",IF(NOT(ISNUMBER(E10)),"Нет суммы","Новая позиция")),IF(ISNA(MATCH(E12,Лэндинг!$B$5:$B$300,0)),"Нет ID",IF(NOT(ISNUMBER(E10)),"Нет суммы",IF(ISNUMBER(INDEX(Лэндинг!$F$5:$F$300,MATCH(E12,Лэндинг!$B$5:$B$300,0)))=(E8="Buy"),"Увеличение",IF(E13="Полностью","Закрытие полностью","Закрытие частично"))))))),IF(COUNTA($G$9:$G$13)>0,IF(G8="","Нет действия",IF(OR(NOT(ISNUMBER(G10)),NOT(ISNUMBER(G11))),"Нет Кол-ва",IF(COUNT(G12,G13)=1,"Нужны Min и Max",IF(AND(G8="Добавить",G9=""),"Новый пул",IF(G9="","Нет ID пула",IF(ISNA(MATCH(G9,Пул!$B$5:$B$300,0)),"Нет ID пула",IF(INDEX(Пул!$L$5:$L$300,MATCH(G9,Пул!$B$5:$B$300,0))="Закрыт","Пул закрыт",IF(G8="Добавить","Добавить в пул",IF(G8="Частично","Частично","Закрытие пула"))))))))),"Готово"))))
B7: ТОРГОВЛЯ | D7: ЛЭНДИНГ | F7: ПУЛ
B8: Действие | C8: Buy | D8: Действие | E8: Buy | F8: Действие | G8: Добавить
B9: Кол-во | C9: 0.5 | D9: Кол-во | F9: ID пула
B10: Курс | C10: 62000 | D10: Сумма | F10: Кол-во 1
B11: Сумма (авто) | C11: =IF(AND(ISNUMBER(C9),ISNUMBER(C10),OR(C8="Buy",C8="Sell")),C9*C10*(1+IF(C8="Buy",1,-1)*N($E$17)/100),"") | D11: Курс (авто) | E11: =IF(AND(ISNUMBER(E9),ISNUMBER(E10),E9<>0),IF(E8="Buy",E10/(E9*(1+N($E$17)/100)),IF(AND(E8="Sell",1-N($E$17)/100<>0),E10/(E9*(1-N($E$17)/100)),"")),"") | F11: Кол-во 2
B12: ID позиции | C12: T-0001 | D12: ID позиции | F12: Min
B13: Закрыть | D13: Закрыть | F13: Max
B15: ОБРАТНЫЙ РАСЧЁТ
B16: Сумма | C16: Курс | D16: Кол-во (авто) | E16: Комиссия | F16: ЗАПИСАТЬ | G16: ОЧИСТИТЬ
B17: 31000 | C17: 62000 | D17: =IF(AND(ISNUMBER(B17),ISNUMBER(C17),C17<>0,1-N(E17)/100<>0),B17/(C17*(1-N(E17)/100)),"") | E17: 0.2
B19: Торговля / Лэндинг: ID пусто — новая позиция; ID и то же Действие (Buy к Buy) — увеличение; ID и противоположное — закрытие.
B20: Закрыть (только при ID): «Частично» списывает проданное Кол-во (пусто = Частично), «Полностью» закрывает весь остаток; разница с проданным остаётся прибылью в монетах.
B21: Торговля: курс биржевой, без комиссии (Комиссия E17 уже учитывается в курсе журнала). Лэндинг: вводятся Кол-во и Сумма.
B22: Пул: Min и Max — только для Web3 (могут быть дробными, меньше 1), оба поля или ни одного. Действия: Добавить, Частично (вывод части), Закрыть.
B23: ЗАПИСАТЬ переносит данные в журнал и очищает поля (Дата и Комиссия остаются). ОЧИСТИТЬ только очищает поля. Заполняется только один раздел.

Sheet Торговля
B1: CRYPTO JOURNAL • ТОРГОВЛЯ
B4: ID | C4: Дата | D4: Протокол | E4: Пара | F4: Покупка | G4: Курс | H4: Сумма | I4: Продажа | J4: Курс | K4: Сумма | L4: Дельта 1 | M4: Дельта 2 | N4: Break even
B5: T-0005 | C5: 46299 | D5: Bybit | E5: BNB/USDT | H5: =IF(AND(ISNUMBER(F5),ISNUMBER(G5)),F5*G5,"") | I5: 3 | J5: 598.8 | K5: =IF(AND(ISNUMBER(I5),ISNUMBER(J5)),I5*J5,"") | L5: =IF(COUNT(F5,I5)=0,"",N(F5)-N(I5)) | M5: =IF(COUNT(H5,K5)=0,"",N(K5)-N(H5)) | N5: =IF(AND(ISNUMBER(F5),ISNUMBER(G5),F5>0,1-N(Ввод!$E$17)/100>0),MAX(0,(F5*G5-SUMPRODUCT((Закрытые!$B$5:$B$300=$B5)*((Закрытые!$F$5:$F$300+Закрытые!$I$5:$I$300-ABS(Закрытые!$F$5:$F$300-Закрытые!$I$5:$I$300))/2)*(Закрытые!$J$5:$J$300-Закрытые!$G$5:$G$300)))/F5)/(1-N(Ввод!$E$17)/100),IF(AND(ISNUMBER(I5),ISNUMBER(J5),I5>0),MAX(0,(I5*J5+SUMPRODUCT((Закрытые!$B$5:$B$300=$B5)*((Закрытые!$F$5:$F$300+Закрытые!$I$5:$I$300-ABS(Закрытые!$F$5:$F$300-Закрытые!$I$5:$I$300))/2)*(Закрытые!$J$5:$J$300-Закрытые!$G$5:$G$300)))/I5)/(1+N(Ввод!$E$17)/100),""))
B6: T-0001 | C6: 46296 | D6: Binance | E6: BTC/USDT | F6: 0.1 | G6: 62124 | H6: =IF(AND(ISNUMBER(F6),ISNUMBER(G6)),F6*G6,"") | K6: =IF(AND(ISNUMBER(I6),ISNUMBER(J6)),I6*J6,"") | L6: =IF(COUNT(F6,I6)=0,"",N(F6)-N(I6)) | M6: =IF(COUNT(H6,K6)=0,"",N(K6)-N(H6)) | N6: =IF(AND(ISNUMBER(F6),ISNUMBER(G6),F6>0,1-N(Ввод!$E$17)/100>0),MAX(0,(F6*G6-SUMPRODUCT((Закрытые!$B$5:$B$300=$B6)*((Закрытые!$F$5:$F$300+Закрытые!$I$5:$I$300-ABS(Закрытые!$F$5:$F$300-Закрытые!$I$5:$I$300))/2)*(Закрытые!$J$5:$J$300-Закрытые!$G$5:$G$300)))/F6)/(1-N(Ввод!$E$17)/100),IF(AND(ISNUMBER(I6),ISNUMBER(J6),I6>0),MAX(0,(I6*J6+SUMPRODUCT((Закрытые!$B$5:$B$300=$B6)*((Закрытые!$F$5:$F$300+Закрытые!$I$5:$I$300-ABS(Закрытые!$F$5:$F$300-Закрытые!$I$5:$I$300))/2)*(Закрытые!$J$5:$J$300-Закрытые!$G$5:$G$300)))/I6)/(1+N(Ввод!$E$17)/100),""))
B7: T-0004 | C7: 46298 | D7: Binance | E7: ETH/BTC | H7: =IF(AND(ISNUMBER(F7),ISNUMBER(G7)),F7*G7,"") | I7: 1.5 | J7: 0.052395 | K7: =IF(AND(ISNUMBER(I7),ISNUMBER(J7)),I7*J7,"") | L7: =IF(COUNT(F7,I7)=0,"",N(F7)-N(I7)) | M7: =IF(COUNT(H7,K7)=0,"",N(K7)-N(H7)) | N7: =IF(AND(ISNUMBER(F7),ISNUMBER(G7),F7>0,1-N(Ввод!$E$17)/100>0),MAX(0,(F7*G7-SUMPRODUCT((Закрытые!$B$5:$B$300=$B7)*((Закрытые!$F$5:$F$300+Закрытые!$I$5:$I$300-ABS(Закрытые!$F$5:$F$300-Закрытые!$I$5:$I$300))/2)*(Закрытые!$J$5:$J$300-Закрытые!$G$5:$G$300)))/F7)/(1-N(Ввод!$E$17)/100),IF(AND(ISNUMBER(I7),ISNUMBER(J7),I7>0),MAX(0,(I7*J7+SUMPRODUCT((Закрытые!$B$5:$B$300=$B7)*((Закрытые!$F$5:$F$300+Закрытые!$I$5:$I$300-ABS(Закрытые!$F$5:$F$300-Закрытые!$I$5:$I$300))/2)*(Закрытые!$J$5:$J$300-Закрытые!$G$5:$G$300)))/I7)/(1+N(Ввод!$E$17)/100),""))
B8: T-0002 | C8: 46297 | D8: Bybit | E8: ETH/USDT | F8: 1 | G8: 3206.4 | H8: =IF(AND(ISNUMBER(F8),ISNUMBER(G8)),F8*G8,"") | K8: =IF(AND(ISNUMBER(I8),ISNUMBER(J8)),I8*J8,"") | L8: =IF(COUNT(F8,I8)=0,"",N(F8)-N(I8)) | M8: =IF(COUNT(H8,K8)=0,"",N(K8)-N(H8)) | N8: =IF(AND(ISNUMBER(F8),ISNUMBER(G8),F8>0,1-N(Ввод!$E$17)/100>0),MAX(0,(F8*G8-SUMPRODUCT((Закрытые!$B$5:$B$300=$B8)*((Закрытые!$F$5:$F$300+Закрытые!$I$5:$I$300-ABS(Закрытые!$F$5:$F$300-Закрытые!$I$5:$I$300))/2)*(Закрытые!$J$5:$J$300-Закрытые!$G$5:$G$300)))/F8)/(1-N(Ввод!$E$17)/100),IF(AND(ISNUMBER(I8),ISNUMBER(J8),I8>0),MAX(0,(I8*J8+SUMPRODUCT((Закрытые!$B$5:$B$300=$B8)*((Закрытые!$F$5:$F$300+Закрытые!$I$5:$I$300-ABS(Закрытые!$F$5:$F$300-Закрытые!$I$5:$I$300))/2)*(Закрытые!$J$5:$J$300-Закрытые!$G$5:$G$300)))/I8)/(1+N(Ввод!$E$17)/100),""))
B9: T-0007 | C9: 46300 | D9: Binance | E9: ETH/USDT | F9: 1.2 | G9: 3186.36 | H9: =IF(AND(ISNUMBER(F9),ISNUMBER(G9)),F9*G9,"") | K9: =IF(AND(ISNUMBER(I9),ISNUMBER(J9)),I9*J9,"") | L9: =IF(COUNT(F9,I9)=0,"",N(F9)-N(I9)) | M9: =IF(COUNT(H9,K9)=0,"",N(K9)-N(H9)) | N9: =IF(AND(ISNUMBER(F9),ISNUMBER(G9),F9>0,1-N(Ввод!$E$17)/100>0),MAX(0,(F9*G9-SUMPRODUCT((Закрытые!$B$5:$B$300=$B9)*((Закрытые!$F$5:$F$300+Закрытые!$I$5:$I$300-ABS(Закрытые!$F$5:$F$300-Закрытые!$I$5:$I$300))/2)*(Закрытые!$J$5:$J$300-Закрытые!$G$5:$G$300)))/F9)/(1-N(Ввод!$E$17)/100),IF(AND(ISNUMBER(I9),ISNUMBER(J9),I9>0),MAX(0,(I9*J9+SUMPRODUCT((Закрытые!$B$5:$B$300=$B9)*((Закрытые!$F$5:$F$300+Закрытые!$I$5:$I$300-ABS(Закрытые!$F$5:$F$300-Закрытые!$I$5:$I$300))/2)*(Закрытые!$J$5:$J$300-Закрытые!$G$5:$G$300)))/I9)/(1+N(Ввод!$E$17)/100),""))
B10: T-0008 | C10: 46300 | D10: Bybit | E10: ETH/USDT | F10: 0.8 | G10: 3256.5 | H10: =IF(AND(ISNUMBER(F10),ISNUMBER(G10)),F10*G10,"") | K10: =IF(AND(ISNUMBER(I10),ISNUMBER(J10)),I10*J10,"") | L10: =IF(COUNT(F10,I10)=0,"",N(F10)-N(I10)) | M10: =IF(COUNT(H10,K10)=0,"",N(K10)-N(H10)) | N10: =IF(AND(ISNUMBER(F10),ISNUMBER(G10),F10>0,1-N(Ввод!$E$17)/100>0),MAX(0,(F10*G10-SUMPRODUCT((Закрытые!$B$5:$B$300=$B10)*((Закрытые!$F$5:$F$300+Закрытые!$I$5:$I$300-ABS(Закрытые!$F$5:$F$300-Закрытые!$I$5:$I$300))/2)*(Закрытые!$J$5:$J$300-Закрытые!$G$5:$G$300)))/F10)/(1-N(Ввод!$E$17)/100),IF(AND(ISNUMBER(I10),ISNUMBER(J10),I10>0),MAX(0,(I10*J10+SUMPRODUCT((Закрытые!$B$5:$B$300=$B10)*((Закрытые!$F$5:$F$300+Закрытые!$I$5:$I$300-ABS(Закрытые!$F$5:$F$300-Закрытые!$I$5:$I$300))/2)*(Закрытые!$J$5:$J$300-Закрытые!$G$5:$G$300)))/I10)/(1+N(Ввод!$E$17)/100),""))
B11: T-0009 | C11: 46301 | D11: OKX | E11: ETH/USDT | H11: =IF(AND(ISNUMBER(F11),ISNUMBER(G11)),F11*G11,"") | I11: 1.5 | J11: 3393.2 | K11: =IF(AND(ISNUMBER(I11),ISNUMBER(J11)),I11*J11,"") | L11: =IF(COUNT(F11,I11)=0,"",N(F11)-N(I11)) | M11: =IF(COUNT(H11,K11)=0,"",N(K11)-N(H11)) | N11: =IF(AND(ISNUMBER(F11),ISNUMBER(G11),F11>0,1-N(Ввод!$E$17)/100>0),MAX(0,(F11*G11-SUMPRODUCT((Закрытые!$B$5:$B$300=$B11)*((Закрытые!$F$5:$F$300+Закрытые!$I$5:$I$300-ABS(Закрытые!$F$5:$F$300-Закрытые!$I$5:$I$300))/2)*(Закрытые!$J$5:$J$300-Закрытые!$G$5:$G$300)))/F11)/(1-N(Ввод!$E$17)/100),IF(AND(ISNUMBER(I11),ISNUMBER(J11),I11>0),MAX(0,(I11*J11+SUMPRODUCT((Закрытые!$B$5:$B$300=$B11)*((Закрытые!$F$5:$F$300+Закрытые!$I$5:$I$300-ABS(Закрытые!$F$5:$F$300-Закрытые!$I$5:$I$300))/2)*(Закрытые!$J$5:$J$300-Закрытые!$G$5:$G$300)))/I11)/(1+N(Ввод!$E$17)/100),""))
B12: T-0010 | C12: 46300 | D12: Binance | E12: SOL/USDT | H12: =IF(AND(ISNUMBER(F12),ISNUMBER(G12)),F12*G12,"") | I12: 30 | J12: 149.7 | K12: =IF(AND(ISNUMBER(I12),ISNUMBER(J12)),I12*J12,"") | L12: =IF(COUNT(F12,I12)=0,"",N(F12)-N(I12)) | M12: =IF(COUNT(H12,K12)=0,"",N(K12)-N(H12)) | N12: =IF(AND(ISNUMBER(F12),ISNUMBER(G12),F12>0,1-N(Ввод!$E$17)/100>0),MAX(0,(F12*G12-SUMPRODUCT((Закрытые!$B$5:$B$300=$B12)*((Закрытые!$F$5:$F$300+Закрытые!$I$5:$I$300-ABS(Закрытые!$F$5:$F$300-Закрытые!$I$5:$I$300))/2)*(Закрытые!$J$5:$J$300-Закрытые!$G$5:$G$300)))/F12)/(1-N(Ввод!$E$17)/100),IF(AND(ISNUMBER(I12),ISNUMBER(J12),I12>0),MAX(0,(I12*J12+SUMPRODUCT((Закрытые!$B$5:$B$300=$B12)*((Закрытые!$F$5:$F$300+Закрытые!$I$5:$I$300-ABS(Закрытые!$F$5:$F$300-Закрытые!$I$5:$I$300))/2)*(Закрытые!$J$5:$J$300-Закрытые!$G$5:$G$300)))/I12)/(1+N(Ввод!$E$17)/100),""))
B13: T-0011 | C13: 46301 | D13: Bybit | E13: SOL/USDT | H13: =IF(AND(ISNUMBER(F13),ISNUMBER(G13)),F13*G13,"") | I13: 10 | J13: 151.696 | K13: =IF(AND(ISNUMBER(I13),ISNUMBER(J13)),I13*J13,"") | L13: =IF(COUNT(F13,I13)=0,"",N(F13)-N(I13)) | M13: =IF(COUNT(H13,K13)=0,"",N(K13)-N(H13)) | N13: =IF(AND(ISNUMBER(F13),ISNUMBER(G13),F13>0,1-N(Ввод!$E$17)/100>0),MAX(0,(F13*G13-SUMPRODUCT((Закрытые!$B$5:$B$300=$B13)*((Закрытые!$F$5:$F$300+Закрытые!$I$5:$I$300-ABS(Закрытые!$F$5:$F$300-Закрытые!$I$5:$I$300))/2)*(Закрытые!$J$5:$J$300-Закрытые!$G$5:$G$300)))/F13)/(1-N(Ввод!$E$17)/100),IF(AND(ISNUMBER(I13),ISNUMBER(J13),I13>0),MAX(0,(I13*J13+SUMPRODUCT((Закрытые!$B$5:$B$300=$B13)*((Закрытые!$F$5:$F$300+Закрытые!$I$5:$I$300-ABS(Закрытые!$F$5:$F$300-Закрытые!$I$5:$I$300))/2)*(Закрытые!$J$5:$J$300-Закрытые!$G$5:$G$300)))/I13)/(1+N(Ввод!$E$17)/100),""))
B14: T-0012 | C14: 46301 | D14: OKX | E14: SOL/USDT | F14: 25 | G14: 146.292 | H14: =IF(AND(ISNUMBER(F14),ISNUMBER(G14)),F14*G14,"") | K14: =IF(AND(ISNUMBER(I14),ISNUMBER(J14)),I14*J14,"") | L14: =IF(COUNT(F14,I14)=0,"",N(F14)-N(I14)) | M14: =IF(COUNT(H14,K14)=0,"",N(K14)-N(H14)) | N14: =IF(AND(ISNUMBER(F14),ISNUMBER(G14),F14>0,1-N(Ввод!$E$17)/100>0),MAX(0,(F14*G14-SUMPRODUCT((Закрытые!$B$5:$B$300=$B14)*((Закрытые!$F$5:$F$300+Закрытые!$I$5:$I$300-ABS(Закрытые!$F$5:$F$300-Закрытые!$I$5:$I$300))/2)*(Закрытые!$J$5:$J$300-Закрытые!$G$5:$G$300)))/F14)/(1-N(Ввод!$E$17)/100),IF(AND(ISNUMBER(I14),ISNUMBER(J14),I14>0),MAX(0,(I14*J14+SUMPRODUCT((Закрытые!$B$5:$B$300=$B14)*((Закрытые!$F$5:$F$300+Закрытые!$I$5:$I$300-ABS(Закрытые!$F$5:$F$300-Закрытые!$I$5:$I$300))/2)*(Закрытые!$J$5:$J$300-Закрытые!$G$5:$G$300)))/I14)/(1+N(Ввод!$E$17)/100),""))
B15: T-0013 | C15: 46302 | D15: Binance | E15: AAVE/ETH | F15: 20 | G15: 0.062625 | H15: =IF(AND(ISNUMBER(F15),ISNUMBER(G15)),F15*G15,"") | K15: =IF(AND(ISNUMBER(I15),ISNUMBER(J15)),I15*J15,"") | L15: =IF(COUNT(F15,I15)=0,"",N(F15)-N(I15)) | M15: =IF(COUNT(H15,K15)=0,"",N(K15)-N(H15)) | N15: =IF(AND(ISNUMBER(F15),ISNUMBER(G15),F15>0,1-N(Ввод!$E$17)/100>0),MAX(0,(F15*G15-SUMPRODUCT((Закрытые!$B$5:$B$300=$B15)*((Закрытые!$F$5:$F$300+Закрытые!$I$5:$I$300-ABS(Закрытые!$F$5:$F$300-Закрытые!$I$5:$I$300))/2)*(Закрытые!$J$5:$J$300-Закрытые!$G$5:$G$300)))/F15)/(1-N(Ввод!$E$17)/100),IF(AND(ISNUMBER(I15),ISNUMBER(J15),I15>0),MAX(0,(I15*J15+SUMPRODUCT((Закрытые!$B$5:$B$300=$B15)*((Закрытые!$F$5:$F$300+Закрытые!$I$5:$I$300-ABS(Закрытые!$F$5:$F$300-Закрытые!$I$5:$I$300))/2)*(Закрытые!$J$5:$J$300-Закрытые!$G$5:$G$300)))/I15)/(1+N(Ввод!$E$17)/100),""))
B16: T-0014 | C16: 46302 | D16: Bybit | E16: DOGE/BTC | H16: =IF(AND(ISNUMBER(F16),ISNUMBER(G16)),F16*G16,"") | I16: 100000 | J16: 2.89e-06 | K16: =IF(AND(ISNUMBER(I16),ISNUMBER(J16)),I16*J16,"") | L16: =IF(COUNT(F16,I16)=0,"",N(F16)-N(I16)) | M16: =IF(COUNT(H16,K16)=0,"",N(K16)-N(H16)) | N16: =IF(AND(ISNUMBER(F16),ISNUMBER(G16),F16>0,1-N(Ввод!$E$17)/100>0),MAX(0,(F16*G16-SUMPRODUCT((Закрытые!$B$5:$B$300=$B16)*((Закрытые!$F$5:$F$300+Закрытые!$I$5:$I$300-ABS(Закрытые!$F$5:$F$300-Закрытые!$I$5:$I$300))/2)*(Закрытые!$J$5:$J$300-Закрытые!$G$5:$G$300)))/F16)/(1-N(Ввод!$E$17)/100),IF(AND(ISNUMBER(I16),ISNUMBER(J16),I16>0),MAX(0,(I16*J16+SUMPRODUCT((Закрытые!$B$5:$B$300=$B16)*((Закрытые!$F$5:$F$300+Закрытые!$I$5:$I$300-ABS(Закрытые!$F$5:$F$300-Закрытые!$I$5:$I$300))/2)*(Закрытые!$J$5:$J$300-Закрытые!$G$5:$G$300)))/I16)/(1+N(Ввод!$E$17)/100),""))
B17: T-0015 | C17: 46302 | D17: OKX | E17: LTC/BCH | F17: 50 | G17: 0.2004 | H17: =IF(AND(ISNUMBER(F17),ISNUMBER(G17)),F17*G17,"") | K17: =IF(AND(ISNUMBER(I17),ISNUMBER(J17)),I17*J17,"") | L17: =IF(COUNT(F17,I17)=0,"",N(F17)-N(I17)) | M17: =IF(COUNT(H17,K17)=0,"",N(K17)-N(H17)) | N17: =IF(AND(ISNUMBER(F17),ISNUMBER(G17),F17>0,1-N(Ввод!$E$17)/100>0),MAX(0,(F17*G17-SUMPRODUCT((Закрытые!$B$5:$B$300=$B17)*((Закрытые!$F$5:$F$300+Закрытые!$I$5:$I$300-ABS(Закрытые!$F$5:$F$300-Закрытые!$I$5:$I$300))/2)*(Закрытые!$J$5:$J$300-Закрытые!$G$5:$G$300)))/F17)/(1-N(Ввод!$E$17)/100),IF(AND(ISNUMBER(I17),ISNUMBER(J17),I17>0),MAX(0,(I17*J17+SUMPRODUCT((Закрытые!$B$5:$B$300=$B17)*((Закрытые!$F$5:$F$300+Закрытые!$I$5:$I$300-ABS(Закрытые!$F$5:$F$300-Закрытые!$I$5:$I$300))/2)*(Закрытые!$J$5:$J$300-Закрытые!$G$5:$G$300)))/I17)/(1+N(Ввод!$E$17)/100),""))
B18: T-0016 | C18: 46302 | D18: Binance | E18: XRP/TRX | H18: =IF(AND(ISNUMBER(F18),ISNUMBER(G18)),F18*G18,"") | I18: 3000 | J18: 8.1337 | K18: =IF(AND(ISNUMBER(I18),ISNUMBER(J18)),I18*J18,"") | L18: =IF(COUNT(F18,I18)=0,"",N(F18)-N(I18)) | M18: =IF(COUNT(H18,K18)=0,"",N(K18)-N(H18)) | N18: =IF(AND(ISNUMBER(F18),ISNUMBER(G18),F18>0,1-N(Ввод!$E$17)/100>0),MAX(0,(F18*G18-SUMPRODUCT((Закрытые!$B$5:$B$300=$B18)*((Закрытые!$F$5:$F$300+Закрытые!$I$5:$I$300-ABS(Закрытые!$F$5:$F$300-Закрытые!$I$5:$I$300))/2)*(Закрытые!$J$5:$J$300-Закрытые!$G$5:$G$300)))/F18)/(1-N(Ввод!$E$17)/100),IF(AND(ISNUMBER(I18),ISNUMBER(J18),I18>0),MAX(0,(I18*J18+SUMPRODUCT((Закрытые!$B$5:$B$300=$B18)*((Закрытые!$F$5:$F$300+Закрытые!$I$5:$I$300-ABS(Закрытые!$F$5:$F$300-Закрытые!$I$5:$I$300))/2)*(Закрытые!$J$5:$J$300-Закрытые!$G$5:$G$300)))/I18)/(1+N(Ввод!$E$17)/100),""))
B19: T-0017 | C19: 46302 | D19: Bybit | E19: SOL/USDT | F19: 40 | G19: 150.3 | H19: =IF(AND(ISNUMBER(F19),ISNUMBER(G19)),F19*G19,"") | K19: =IF(AND(ISNUMBER(I19),ISNUMBER(J19)),I19*J19,"") | L19: =IF(COUNT(F19,I19)=0,"",N(F19)-N(I19)) | M19: =IF(COUNT(H19,K19)=0,"",N(K19)-N(H19)) | N19: =IF(AND(ISNUMBER(F19),ISNUMBER(G19),F19>0,1-N(Ввод!$E$17)/100>0),MAX(0,(F19*G19-SUMPRODUCT((Закрытые!$B$5:$B$300=$B19)*((Закрытые!$F$5:$F$300+Закрытые!$I$5:$I$300-ABS(Закрытые!$F$5:$F$300-Закрытые!$I$5:$I$300))/2)*(Закрытые!$J$5:$J$300-Закрытые!$G$5:$G$300)))/F19)/(1-N(Ввод!$E$17)/100),IF(AND(ISNUMBER(I19),ISNUMBER(J19),I19>0),MAX(0,(I19*J19+SUMPRODUCT((Закрытые!$B$5:$B$300=$B19)*((Закрытые!$F$5:$F$300+Закрытые!$I$5:$I$300-ABS(Закрытые!$F$5:$F$300-Закрытые!$I$5:$I$300))/2)*(Закрытые!$J$5:$J$300-Закрытые!$G$5:$G$300)))/I19)/(1+N(Ввод!$E$17)/100),""))
B20: T-0023 | C20: 46303 | D20: Binance | E20: BNB/ETH | F20: 6 | G20: 0.187875 | H20: =IF(AND(ISNUMBER(F20),ISNUMBER(G20)),F20*G20,"") | K20: =IF(AND(ISNUMBER(I20),ISNUMBER(J20)),I20*J20,"") | L20: =IF(COUNT(F20,I20)=0,"",N(F20)-N(I20)) | M20: =IF(COUNT(H20,K20)=0,"",N(K20)-N(H20)) | N20: =IF(AND(ISNUMBER(F20),ISNUMBER(G20),F20>0,1-N(Ввод!$E$17)/100>0),MAX(0,(F20*G20-SUMPRODUCT((Закрытые!$B$5:$B$300=$B20)*((Закрытые!$F$5:$F$300+Закрытые!$I$5:$I$300-ABS(Закрытые!$F$5:$F$300-Закрытые!$I$5:$I$300))/2)*(Закрытые!$J$5:$J$300-Закрытые!$G$5:$G$300)))/F20)/(1-N(Ввод!$E$17)/100),IF(AND(ISNUMBER(I20),ISNUMBER(J20),I20>0),MAX(0,(I20*J20+SUMPRODUCT((Закрытые!$B$5:$B$300=$B20)*((Закрытые!$F$5:$F$300+Закрытые!$I$5:$I$300-ABS(Закрытые!$F$5:$F$300-Закрытые!$I$5:$I$300))/2)*(Закрытые!$J$5:$J$300-Закрытые!$G$5:$G$300)))/I20)/(1+N(Ввод!$E$17)/100),""))
B21: T-0024 | C21: 46303 | D21: Bybit | E21: BNB/BTC | H21: =IF(AND(ISNUMBER(F21),ISNUMBER(G21)),F21*G21,"") | I21: 5 | J21: 0.00966064 | K21: =IF(AND(ISNUMBER(I21),ISNUMBER(J21)),I21*J21,"") | L21: =IF(COUNT(F21,I21)=0,"",N(F21)-N(I21)) | M21: =IF(COUNT(H21,K21)=0,"",N(K21)-N(H21)) | N21: =IF(AND(ISNUMBER(F21),ISNUMBER(G21),F21>0,1-N(Ввод!$E$17)/100>0),MAX(0,(F21*G21-SUMPRODUCT((Закрытые!$B$5:$B$300=$B21)*((Закрытые!$F$5:$F$300+Закрытые!$I$5:$I$300-ABS(Закрытые!$F$5:$F$300-Закрытые!$I$5:$I$300))/2)*(Закрытые!$J$5:$J$300-Закрытые!$G$5:$G$300)))/F21)/(1-N(Ввод!$E$17)/100),IF(AND(ISNUMBER(I21),ISNUMBER(J21),I21>0),MAX(0,(I21*J21+SUMPRODUCT((Закрытые!$B$5:$B$300=$B21)*((Закрытые!$F$5:$F$300+Закрытые!$I$5:$I$300-ABS(Закрытые!$F$5:$F$300-Закрытые!$I$5:$I$300))/2)*(Закрытые!$J$5:$J$300-Закрытые!$G$5:$G$300)))/I21)/(1+N(Ввод!$E$17)/100),""))
B22: T-0025 | C22: 46303 | D22: OKX | E22: CAKE/ETH | F22: 350 | G22: 0.0007515 | H22: =IF(AND(ISNUMBER(F22),ISNUMBER(G22)),F22*G22,"") | K22: =IF(AND(ISNUMBER(I22),ISNUMBER(J22)),I22*J22,"") | L22: =IF(COUNT(F22,I22)=0,"",N(F22)-N(I22)) | M22: =IF(COUNT(H22,K22)=0,"",N(K22)-N(H22)) | N22: =IF(AND(ISNUMBER(F22),ISNUMBER(G22),F22>0,1-N(Ввод!$E$17)/100>0),MAX(0,(F22*G22-SUMPRODUCT((Закрытые!$B$5:$B$300=$B22)*((Закрытые!$F$5:$F$300+Закрытые!$I$5:$I$300-ABS(Закрытые!$F$5:$F$300-Закрытые!$I$5:$I$300))/2)*(Закрытые!$J$5:$J$300-Закрытые!$G$5:$G$300)))/F22)/(1-N(Ввод!$E$17)/100),IF(AND(ISNUMBER(I22),ISNUMBER(J22),I22>0),MAX(0,(I22*J22+SUMPRODUCT((Закрытые!$B$5:$B$300=$B22)*((Закрытые!$F$5:$F$300+Закрытые!$I$5:$I$300-ABS(Закрытые!$F$5:$F$300-Закрытые!$I$5:$I$300))/2)*(Закрытые!$J$5:$J$300-Закрытые!$G$5:$G$300)))/I22)/(1+N(Ввод!$E$17)/100),""))
B23: T-0026 | C23: 46303 | D23: Binance | E23: DASH/BTC | F23: 18 | G23: 0.00061423 | H23: =IF(AND(ISNUMBER(F23),ISNUMBER(G23)),F23*G23,"") | K23: =IF(AND(ISNUMBER(I23),ISNUMBER(J23)),I23*J23,"") | L23: =IF(COUNT(F23,I23)=0,"",N(F23)-N(I23)) | M23: =IF(COUNT(H23,K23)=0,"",N(K23)-N(H23)) | N23: =IF(AND(ISNUMBER(F23),ISNUMBER(G23),F23>0,1-N(Ввод!$E$17)/100>0),MAX(0,(F23*G23-SUMPRODUCT((Закрытые!$B$5:$B$300=$B23)*((Закрытые!$F$5:$F$300+Закрытые!$I$5:$I$300-ABS(Закрытые!$F$5:$F$300-Закрытые!$I$5:$I$300))/2)*(Закрытые!$J$5:$J$300-Закрытые!$G$5:$G$300)))/F23)/(1-N(Ввод!$E$17)/100),IF(AND(ISNUMBER(I23),ISNUMBER(J23),I23>0),MAX(0,(I23*J23+SUMPRODUCT((Закрытые!$B$5:$B$300=$B23)*((Закрытые!$F$5:$F$300+Закрытые!$I$5:$I$300-ABS(Закрытые!$F$5:$F$300-Закрытые!$I$5:$I$300))/2)*(Закрытые!$J$5:$J$300-Закрытые!$G$5:$G$300)))/I23)/(1+N(Ввод!$E$17)/100),""))
B24: T-0027 | C24: 46304 | D24: Bybit | E24: DASH/LTC | H24: =IF(AND(ISNUMBER(F24),ISNUMBER(G24)),F24*G24,"") | I24: 30 | J24: 0.4213556 | K24: =IF(AND(ISNUMBER(I24),ISNUMBER(J24)),I24*J24,"") | L24: =IF(COUNT(F24,I24)=0,"",N(F24)-N(I24)) | M24: =IF(COUNT(H24,K24)=0,"",N(K24)-N(H24)) | N24: =IF(AND(ISNUMBER(F24),ISNUMBER(G24),F24>0,1-N(Ввод!$E$17)/100>0),MAX(0,(F24*G24-SUMPRODUCT((Закрытые!$B$5:$B$300=$B24)*((Закрытые!$F$5:$F$300+Закрытые!$I$5:$I$300-ABS(Закрытые!$F$5:$F$300-Закрытые!$I$5:$I$300))/2)*(Закрытые!$J$5:$J$300-Закрытые!$G$5:$G$300)))/F24)/(1-N(Ввод!$E$17)/100),IF(AND(ISNUMBER(I24),ISNUMBER(J24),I24>0),MAX(0,(I24*J24+SUMPRODUCT((Закрытые!$B$5:$B$300=$B24)*((Закрытые!$F$5:$F$300+Закрытые!$I$5:$I$300-ABS(Закрытые!$F$5:$F$300-Закрытые!$I$5:$I$300))/2)*(Закрытые!$J$5:$J$300-Закрытые!$G$5:$G$300)))/I24)/(1+N(Ввод!$E$17)/100),""))
B25: T-0029 | C25: 46303 | D25: Bybit | E25: SOL/USDT | F25: 12 | G25: 150.3 | H25: =IF(AND(ISNUMBER(F25),ISNUMBER(G25)),F25*G25,"") | K25: =IF(AND(ISNUMBER(I25),ISNUMBER(J25)),I25*J25,"") | L25: =IF(COUNT(F25,I25)=0,"",N(F25)-N(I25)) | M25: =IF(COUNT(H25,K25)=0,"",N(K25)-N(H25)) | N25: =IF(AND(ISNUMBER(F25),ISNUMBER(G25),F25>0,1-N(Ввод!$E$17)/100>0),MAX(0,(F25*G25-SUMPRODUCT((Закрытые!$B$5:$B$300=$B25)*((Закрытые!$F$5:$F$300+Закрытые!$I$5:$I$300-ABS(Закрытые!$F$5:$F$300-Закрытые!$I$5:$I$300))/2)*(Закрытые!$J$5:$J$300-Закрытые!$G$5:$G$300)))/F25)/(1-N(Ввод!$E$17)/100),IF(AND(ISNUMBER(I25),ISNUMBER(J25),I25>0),MAX(0,(I25*J25+SUMPRODUCT((Закрытые!$B$5:$B$300=$B25)*((Закрытые!$F$5:$F$300+Закрытые!$I$5:$I$300-ABS(Закрытые!$F$5:$F$300-Закрытые!$I$5:$I$300))/2)*(Закрытые!$J$5:$J$300-Закрытые!$G$5:$G$300)))/I25)/(1+N(Ввод!$E$17)/100),""))
H26: =IF(AND(ISNUMBER(F26),ISNUMBER(G26)),F26*G26,"") | K26: =IF(AND(ISNUMBER(I26),ISNUMBER(J26)),I26*J26,"") | L26: =IF(COUNT(F26,I26)=0,"",N(F26)-N(I26)) | M26: =IF(COUNT(H26,K26)=0,"",N(K26)-N(H26)) | N26: =IF(AND(ISNUMBER(F26),ISNUMBER(G26),F26>0,1-N(Ввод!$E$17)/100>0),MAX(0,(F26*G26-SUMPRODUCT((Закрытые!$B$5:$B$300=$B26)*((Закрытые!$F$5:$F$300+Закрытые!$I$5:$I$300-ABS(Закрытые!$F$5:$F$300-Закрытые!$I$5:$I$300))/2)*(Закрытые!$J$5:$J$300-Закрытые!$G$5:$G$300)))/F26)/(1-N(Ввод!$E$17)/100),IF(AND(ISNUMBER(I26),ISNUMBER(J26),I26>0),MAX(0,(I26*J26+SUMPRODUCT((Закрытые!$B$5:$B$300=$B26)*((Закрытые!$F$5:$F$300+Закрытые!$I$5:$I$300-ABS(Закрытые!$F$5:$F$300-Закрытые!$I$5:$I$300))/2)*(Закрытые!$J$5:$J$300-Закрытые!$G$5:$G$300)))/I26)/(1+N(Ввод!$E$17)/100),""))
H27: =IF(AND(ISNUMBER(F27),ISNUMBER(G27)),F27*G27,"") | K27: =IF(AND(ISNUMBER(I27),ISNUMBER(J27)),I27*J27,"") | L27: =IF(COUNT(F27,I27)=0,"",N(F27)-N(I27)) | M27: =IF(COUNT(H27,K27)=0,"",N(K27)-N(H27)) | N27: =IF(AND(ISNUMBER(F27),ISNUMBER(G27),F27>0,1-N(Ввод!$E$17)/100>0),MAX(0,(F27*G27-SUMPRODUCT((Закрытые!$B$5:$B$300=$B27)*((Закрытые!$F$5:$F$300+Закрытые!$I$5:$I$300-ABS(Закрытые!$F$5:$F$300-Закрытые!$I$5:$I$300))/2)*(Закрытые!$J$5:$J$300-Закрытые!$G$5:$G$300)))/F27)/(1-N(Ввод!$E$17)/100),IF(AND(ISNUMBER(I27),ISNUMBER(J27),I27>0),MAX(0,(I27*J27+SUMPRODUCT((Закрытые!$B$5:$B$300=$B27)*((Закрытые!$F$5:$F$300+Закрытые!$I$5:$I$300-ABS(Закрытые!$F$5:$F$300-Закрытые!$I$5:$I$300))/2)*(Закрытые!$J$5:$J$300-Закрытые!$G$5:$G$300)))/I27)/(1+N(Ввод!$E$17)/100),""))
H28: =IF(AND(ISNUMBER(F28),ISNUMBER(G28)),F28*G28,"") | K28: =IF(AND(ISNUMBER(I28),ISNUMBER(J28)),I28*J28,"") | L28: =IF(COUNT(F28,I28)=0,"",N(F28)-N(I28)) | M28: =IF(COUNT(H28,K28)=0,"",N(K28)-N(H28)) | N28: =IF(AND(ISNUMBER(F28),ISNUMBER(G28),F28>0,1-N(Ввод!$E$17)/100>0),MAX(0,(F28*G28-SUMPRODUCT((Закрытые!$B$5:$B$300=$B28)*((Закрытые!$F$5:$F$300+Закрытые!$I$5:$I$300-ABS(Закрытые!$F$5:$F$300-Закрытые!$I$5:$I$300))/2)*(Закрытые!$J$5:$J$300-Закрытые!$G$5:$G$300)))/F28)/(1-N(Ввод!$E$17)/100),IF(AND(ISNUMBER(I28),ISNUMBER(J28),I28>0),MAX(0,(I28*J28+SUMPRODUCT((Закрытые!$B$5:$B$300=$B28)*((Закрытые!$F$5:$F$300+Закрытые!$I$5:$I$300-ABS(Закрытые!$F$5:$F$300-Закрытые!$I$5:$I$300))/2)*(Закрытые!$J$5:$J$300-Закрытые!$G$5:$G$300)))/I28)/(1+N(Ввод!$E$17)/100),""))
H29: =IF(AND(ISNUMBER(F29),ISNUMBER(G29)),F29*G29,"") | K29: =IF(AND(ISNUMBER(I29),ISNUMBER(J29)),I29*J29,"") | L29: =IF(COUNT(F29,I29)=0,"",N(F29)-N(I29)) | M29: =IF(COUNT(H29,K29)=0,"",N(K29)-N(H29)) | N29: =IF(AND(ISNUMBER(F29),ISNUMBER(G29),F29>0,1-N(Ввод!$E$17)/100>0),MAX(0,(F29*G29-SUMPRODUCT((Закрытые!$B$5:$B$300=$B29)*((Закрытые!$F$5:$F$300+Закрытые!$I$5:$I$300-ABS(Закрытые!$F$5:$F$300-Закрытые!$I$5:$I$300))/2)*(Закрытые!$J$5:$J$300-Закрытые!$G$5:$G$300)))/F29)/(1-N(Ввод!$E$17)/100),IF(AND(ISNUMBER(I29),ISNUMBER(J29),I29>0),MAX(0,(I29*J29+SUMPRODUCT((Закрытые!$B$5:$B$300=$B29)*((Закрытые!$F$5:$F$300+Закрытые!$I$5:$I$300-ABS(Закрытые!$F$5:$F$300-Закрытые!$I$5:$I$300))/2)*(Закрытые!$J$5:$J$300-Закрытые!$G$5:$G$300)))/I29)/(1+N(Ввод!$E$17)/100),""))
H30: =IF(AND(ISNUMBER(F30),ISNUMBER(G30)),F30*G30,"") | K30: =IF(AND(ISNUMBER(I30),ISNUMBER(J30)),I30*J30,"") | L30: =IF(COUNT(F30,I30)=0,"",N(F30)-N(I30)) | M30: =IF(COUNT(H30,K30)=0,"",N(K30)-N(H30)) | N30: =IF(AND(ISNUMBER(F30),ISNUMBER(G30),F30>0,1-N(Ввод!$E$17)/100>0),MAX(0,(F30*G30-SUMPRODUCT((Закрытые!$B$5:$B$300=$B30)*((Закрытые!$F$5:$F$300+Закрытые!$I$5:$I$300-ABS(Закрытые!$F$5:$F$300-Закрытые!$I$5:$I$300))/2)*(Закрытые!$J$5:$J$300-Закрытые!$G$5:$G$300)))/F30)/(1-N(Ввод!$E$17)/100),IF(AND(ISNUMBER(I30),ISNUMBER(J30),I30>0),MAX(0,(I30*J30+SUMPRODUCT((Закрытые!$B$5:$B$300=$B30)*((Закрытые!$F$5:$F$300+Закрытые!$I$5:$I$300-ABS(Закрытые!$F$5:$F$300-Закрытые!$I$5:$I$300))/2)*(Закрытые!$J$5:$J$300-Закрытые!$G$5:$G$300)))/I30)/(1+N(Ввод!$E$17)/100),""))
H31: =IF(AND(ISNUMBER(F31),ISNUMBER(G31)),F31*G31,"") | K31: =IF(AND(ISNUMBER(I31),ISNUMBER(J31)),I31*J31,"") | L31: =IF(COUNT(F31,I31)=0,"",N(F31)-N(I31)) | M31: =IF(COUNT(H31,K31)=0,"",N(K31)-N(H31)) | N31: =IF(AND(ISNUMBER(F31),ISNUMBER(G31),F31>0,1-N(Ввод!$E$17)/100>0),MAX(0,(F31*G31-SUMPRODUCT((Закрытые!$B$5:$B$300=$B31)*((Закрытые!$F$5:$F$300+Закрытые!$I$5:$I$300-ABS(Закрытые!$F$5:$F$300-Закрытые!$I$5:$I$300))/2)*(Закрытые!$J$5:$J$300-Закрытые!$G$5:$G$300)))/F31)/(1-N(Ввод!$E$17)/100),IF(AND(ISNUMBER(I31),ISNUMBER(J31),I31>0),MAX(0,(I31*J31+SUMPRODUCT((Закрытые!$B$5:$B$300=$B31)*((Закрытые!$F$5:$F$300+Закрытые!$I$5:$I$300-ABS(Закрытые!$F$5:$F$300-Закрытые!$I$5:$I$300))/2)*(Закрытые!$J$5:$J$300-Закрытые!$G$5:$G$300)))/I31)/(1+N(Ввод!$E$17)/100),""))
H32: =IF(AND(ISNUMBER(F32),ISNUMBER(G32)),F32*G32,"") | K32: =IF(AND(ISNUMBER(I32),ISNUMBER(J32)),I32*J32,"") | L32: =IF(COUNT(F32,I32)=0,"",N(F32)-N(I32)) | M32: =IF(COUNT(H32,K32)=0,"",N(K32)-N(H32)) | N32: =IF(AND(ISNUMBER(F32),ISNUMBER(G32),F32>0,1-N(Ввод!$E$17)/100>0),MAX(0,(F32*G32-SUMPRODUCT((Закрытые!$B$5:$B$300=$B32)*((Закрытые!$F$5:$F$300+Закрытые!$I$5:$I$300-ABS(Закрытые!$F$5:$F$300-Закрытые!$I$5:$I$300))/2)*(Закрытые!$J$5:$J$300-Закрытые!$G$5:$G$300)))/F32)/(1-N(Ввод!$E$17)/100),IF(AND(ISNUMBER(I32),ISNUMBER(J32),I32>0),MAX(0,(I32*J32+SUMPRODUCT((Закрытые!$B$5:$B$300=$B32)*((Закрытые!$F$5:$F$300+Закрытые!$I$5:$I$300-ABS(Закрытые!$F$5:$F$300-Закрытые!$I$5:$I$300))/2)*(Закрытые!$J$5:$J$300-Закрытые!$G$5:$G$300)))/I32)/(1+N(Ввод!$E$17)/100),""))
H33: =IF(AND(ISNUMBER(F33),ISNUMBER(G33)),F33*G33,"") | K33: =IF(AND(ISNUMBER(I33),ISNUMBER(J33)),I33*J33,"") | L33: =IF(COUNT(F33,I33)=0,"",N(F33)-N(I33)) | M33: =IF(COUNT(H33,K33)=0,"",N(K33)-N(H33)) | N33: =IF(AND(ISNUMBER(F33),ISNUMBER(G33),F33>0,1-N(Ввод!$E$17)/100>0),MAX(0,(F33*G33-SUMPRODUCT((Закрытые!$B$5:$B$300=$B33)*((Закрытые!$F$5:$F$300+Закрытые!$I$5:$I$300-ABS(Закрытые!$F$5:$F$300-Закрытые!$I$5:$I$300))/2)*(Закрытые!$J$5:$J$300-Закрытые!$G$5:$G$300)))/F33)/(1-N(Ввод!$E$17)/100),IF(AND(ISNUMBER(I33),ISNUMBER(J33),I33>0),MAX(0,(I33*J33+SUMPRODUCT((Закрытые!$B$5:$B$300=$B33)*((Закрытые!$F$5:$F$300+Закрытые!$I$5:$I$300-ABS(Закрытые!$F$5:$F$300-Закрытые!$I$5:$I$300))/2)*(Закрытые!$J$5:$J$300-Закрытые!$G$5:$G$300)))/I33)/(1+N(Ввод!$E$17)/100),""))
H34: =IF(AND(ISNUMBER(F34),ISNUMBER(G34)),F34*G34,"") | K34: =IF(AND(ISNUMBER(I34),ISNUMBER(J34)),I34*J34,"") | L34: =IF(COUNT(F34,I34)=0,"",N(F34)-N(I34)) | M34: =IF(COUNT(H34,K34)=0,"",N(K34)-N(H34)) | N34: =IF(AND(ISNUMBER(F34),ISNUMBER(G34),F34>0,1-N(Ввод!$E$17)/100>0),MAX(0,(F34*G34-SUMPRODUCT((Закрытые!$B$5:$B$300=$B34)*((Закрытые!$F$5:$F$300+Закрытые!$I$5:$I$300-ABS(Закрытые!$F$5:$F$300-Закрытые!$I$5:$I$300))/2)*(Закрытые!$J$5:$J$300-Закрытые!$G$5:$G$300)))/F34)/(1-N(Ввод!$E$17)/100),IF(AND(ISNUMBER(I34),ISNUMBER(J34),I34>0),MAX(0,(I34*J34+SUMPRODUCT((Закрытые!$B$5:$B$300=$B34)*((Закрытые!$F$5:$F$300+Закрытые!$I$5:$I$300-ABS(Закрытые!$F$5:$F$300-Закрытые!$I$5:$I$300))/2)*(Закрытые!$J$5:$J$300-Закрытые!$G$5:$G$300)))/I34)/(1+N(Ввод!$E$17)/100),""))
H35: =IF(AND(ISNUMBER(F35),ISNUMBER(G35)),F35*G35,"") | K35: =IF(AND(ISNUMBER(I35),ISNUMBER(J35)),I35*J35,"") | L35: =IF(COUNT(F35,I35)=0,"",N(F35)-N(I35)) | M35: =IF(COUNT(H35,K35)=0,"",N(K35)-N(H35)) | N35: =IF(AND(ISNUMBER(F35),ISNUMBER(G35),F35>0,1-N(Ввод!$E$17)/100>0),MAX(0,(F35*G35-SUMPRODUCT((Закрытые!$B$5:$B$300=$B35)*((Закрытые!$F$5:$F$300+Закрытые!$I$5:$I$300-ABS(Закрытые!$F$5:$F$300-Закрытые!$I$5:$I$300))/2)*(Закрытые!$J$5:$J$300-Закрытые!$G$5:$G$300)))/F35)/(1-N(Ввод!$E$17)/100),IF(AND(ISNUMBER(I35),ISNUMBER(J35),I35>0),MAX(0,(I35*J35+SUMPRODUCT((Закрытые!$B$5:$B$300=$B35)*((Закрытые!$F$5:$F$300+Закрытые!$I$5:$I$300-ABS(Закрытые!$F$5:$F$300-Закрытые!$I$5:$I$300))/2)*(Закрытые!$J$5:$J$300-Закрытые!$G$5:$G$300)))/I35)/(1+N(Ввод!$E$17)/100),""))
H36: =IF(AND(ISNUMBER(F36),ISNUMBER(G36)),F36*G36,"") | K36: =IF(AND(ISNUMBER(I36),ISNUMBER(J36)),I36*J36,"") | L36: =IF(COUNT(F36,I36)=0,"",N(F36)-N(I36)) | M36: =IF(COUNT(H36,K36)=0,"",N(K36)-N(H36)) | N36: =IF(AND(ISNUMBER(F36),ISNUMBER(G36),F36>0,1-N(Ввод!$E$17)/100>0),MAX(0,(F36*G36-SUMPRODUCT((Закрытые!$B$5:$B$300=$B36)*((Закрытые!$F$5:$F$300+Закрытые!$I$5:$I$300-ABS(Закрытые!$F$5:$F$300-Закрытые!$I$5:$I$300))/2)*(Закрытые!$J$5:$J$300-Закрытые!$G$5:$G$300)))/F36)/(1-N(Ввод!$E$17)/100),IF(AND(ISNUMBER(I36),ISNUMBER(J36),I36>0),MAX(0,(I36*J36+SUMPRODUCT((Закрытые!$B$5:$B$300=$B36)*((Закрытые!$F$5:$F$300+Закрытые!$I$5:$I$300-ABS(Закрытые!$F$5:$F$300-Закрытые!$I$5:$I$300))/2)*(Закрытые!$J$5:$J$300-Закрытые!$G$5:$G$300)))/I36)/(1+N(Ввод!$E$17)/100),""))
H37: =IF(AND(ISNUMBER(F37),ISNUMBER(G37)),F37*G37,"") | K37: =IF(AND(ISNUMBER(I37),ISNUMBER(J37)),I37*J37,"") | L37: =IF(COUNT(F37,I37)=0,"",N(F37)-N(I37)) | M37: =IF(COUNT(H37,K37)=0,"",N(K37)-N(H37)) | N37: =IF(AND(ISNUMBER(F37),ISNUMBER(G37),F37>0,1-N(Ввод!$E$17)/100>0),MAX(0,(F37*G37-SUMPRODUCT((Закрытые!$B$5:$B$300=$B37)*((Закрытые!$F$5:$F$300+Закрытые!$I$5:$I$300-ABS(Закрытые!$F$5:$F$300-Закрытые!$I$5:$I$300))/2)*(Закрытые!$J$5:$J$300-Закрытые!$G$5:$G$300)))/F37)/(1-N(Ввод!$E$17)/100),IF(AND(ISNUMBER(I37),ISNUMBER(J37),I37>0),MAX(0,(I37*J37+SUMPRODUCT((Закрытые!$B$5:$B$300=$B37)*((Закрытые!$F$5:$F$300+Закрытые!$I$5:$I$300-ABS(Закрытые!$F$5:$F$300-Закрытые!$I$5:$I$300))/2)*(Закрытые!$J$5:$J$300-Закрытые!$G$5:$G$300)))/I37)/(1+N(Ввод!$E$17)/100),""))
... H300: =IF(AND(ISNUMBER(F300),ISNUMBER(G300)),F300*G300,"") | K300: =IF(AND(ISNUMBER(I300),ISNUMBER(J300)),I300*J300,"") | L300: =IF(COUNT(F300,I300)=0,"",N(F300)-N(I300)) | M300: =IF(COUNT(H300,K300)=0,"",N(K300)-N(H300)) | N300: =IF(AND(ISNUMBER(F300),ISNUMBER(G300),F300>0,1-N(Ввод!$E$17)/100>0),MAX(0,(F300*G300-SUMPRODUCT((Закрытые!$B$5:$B$300=$B300)*((Закрытые!$F$5:$F$300+Закрытые!$I$5:$I$300-ABS(Закрытые!$F$5:$F$300-Закрытые!$I$5:$I$300))/2)*(Закрытые!$J$5:$J$300-Закрытые!$G$5:$G$300)))/F300)/(1-N(Ввод!$E$17)/100),IF(AND(ISNUMBER(I300),ISNUMBER(J300),I300>0),MAX(0,(I300*J300+SUMPRODUCT((Закрытые!$B$5:$B$300=$B300)*((Закрытые!$F$5:$F$300+Закрытые!$I$5:$I$300-ABS(Закрытые!$F$5:$F$300-Закрытые!$I$5:$I$300))/2)*(Закрытые!$J$5:$J$300-Закрытые!$G$5:$G$300)))/I300)/(1+N(Ввод!$E$17)/100),""))

Sheet ИТОГО Торговля
B1: CRYPTO JOURNAL • ИТОГО ТОРГОВЛЯ
B4: Пара | C4: Покупка | D4: Курс | E4: Сумма | F4: Продажа | G4: Курс | H4: Сумма | I4: Дельта 1 | J4: Дельта 2 | K4: P&L | L4: P&L% | M4: Break even
B5: AAVE/ETH | C5: =IF(SUMIFS(Торговля!$F$5:$F$300,Торговля!$E$5:$E$300,$B5)+SUMIFS(Закрытые!$F$5:$F$300,Закрытые!$E$5:$E$300,$B5,Закрытые!$B$5:$B$300,"T-*")=0,"",SUMIFS(Торговля!$F$5:$F$300,Торговля!$E$5:$E$300,$B5)+SUMIFS(Закрытые!$F$5:$F$300,Закрытые!$E$5:$E$300,$B5,Закрытые!$B$5:$B$300,"T-*")) | D5: =IF(C5="","",(SUMPRODUCT((Торговля!$E$5:$E$300=$B5)*Торговля!$F$5:$F$300*Торговля!$G$5:$G$300)+SUMPRODUCT((Закрытые!$E$5:$E$300=$B5)*(LEFT(Закрытые!$B$5:$B$300,2)="T-")*Закрытые!$F$5:$F$300*Закрытые!$G$5:$G$300))/C5) | E5: =IF(C5="","",SUMIFS(Торговля!$H$5:$H$300,Торговля!$E$5:$E$300,$B5)+SUMIFS(Закрытые!$H$5:$H$300,Закрытые!$E$5:$E$300,$B5,Закрытые!$B$5:$B$300,"T-*")) | F5: =IF(SUMIFS(Торговля!$I$5:$I$300,Торговля!$E$5:$E$300,$B5)+SUMIFS(Закрытые!$I$5:$I$300,Закрытые!$E$5:$E$300,$B5,Закрытые!$B$5:$B$300,"T-*")=0,"",SUMIFS(Торговля!$I$5:$I$300,Торговля!$E$5:$E$300,$B5)+SUMIFS(Закрытые!$I$5:$I$300,Закрытые!$E$5:$E$300,$B5,Закрытые!$B$5:$B$300,"T-*")) | G5: =IF(F5="","",(SUMPRODUCT((Торговля!$E$5:$E$300=$B5)*Торговля!$I$5:$I$300*Торговля!$J$5:$J$300)+SUMPRODUCT((Закрытые!$E$5:$E$300=$B5)*(LEFT(Закрытые!$B$5:$B$300,2)="T-")*Закрытые!$I$5:$I$300*Закрытые!$J$5:$J$300))/F5) | H5: =IF(F5="","",SUMIFS(Торговля!$K$5:$K$300,Торговля!$E$5:$E$300,$B5)+SUMIFS(Закрытые!$K$5:$K$300,Закрытые!$E$5:$E$300,$B5,Закрытые!$B$5:$B$300,"T-*")) | I5: =IF($B5="","",IF(COUNTIFS(Торговля!$E$5:$E$300,$B5)+COUNTIFS(Закрытые!$E$5:$E$300,$B5,Закрытые!$B$5:$B$300,"T-*")=0,"",ROUND(SUMIFS(Торговля!$L$5:$L$300,Торговля!$E$5:$E$300,$B5)+SUMIFS(Закрытые!$L$5:$L$300,Закрытые!$E$5:$E$300,$B5,Закрытые!$B$5:$B$300,"T-*"),8))) | J5: =IF($B5="","",IF(COUNTIFS(Торговля!$E$5:$E$300,$B5)+COUNTIFS(Закрытые!$E$5:$E$300,$B5,Закрытые!$B$5:$B$300,"T-*")=0,"",ROUND(SUMIFS(Торговля!$M$5:$M$300,Торговля!$E$5:$E$300,$B5)+SUMIFS(Закрытые!$M$5:$M$300,Закрытые!$E$5:$E$300,$B5,Закрытые!$B$5:$B$300,"T-*"),8))) | K5: =IF($B5="","",ROUND(SUMIFS(Закрытые!$N$5:$N$300,Закрытые!$E$5:$E$300,$B5,Закрытые!$B$5:$B$300,"T-*"),8)) | L5: =IF(K5="","",IF(SUMPRODUCT((Закрытые!$E$5:$E$300=$B5)*(LEFT(Закрытые!$B$5:$B$300,2)="T-")*(COUNTIF(Торговля!$B$5:$B$300,Закрытые!$B$5:$B$300)=0)*((Закрытые!$F$5:$F$300+Закрытые!$I$5:$I$300-ABS(Закрытые!$F$5:$F$300-Закрытые!$I$5:$I$300))/2)*Закрытые!$G$5:$G$300)<=0,0,ROUND(K5/SUMPRODUCT((Закрытые!$E$5:$E$300=$B5)*(LEFT(Закрытые!$B$5:$B$300,2)="T-")*(COUNTIF(Торговля!$B$5:$B$300,Закрытые!$B$5:$B$300)=0)*((Закрытые!$F$5:$F$300+Закрытые!$I$5:$I$300-ABS(Закрытые!$F$5:$F$300-Закрытые!$I$5:$I$300))/2)*Закрытые!$G$5:$G$300)*100,2))) | M5: =IF(OR(ROUND(N(C5)-N(F5),8)=0,1-N(Ввод!$E$17)/100<=0),"",IF(N(C5)>N(F5),(N(E5)-N(H5))/((N(C5)-N(F5))*(1-N(Ввод!$E$17)/100)),(N(H5)-N(E5))/((N(F5)-N(C5))*(1+N(Ввод!$E$17)/100))))
B6: ADA/USDT | C6: =IF(SUMIFS(Торговля!$F$5:$F$300,Торговля!$E$5:$E$300,$B6)+SUMIFS(Закрытые!$F$5:$F$300,Закрытые!$E$5:$E$300,$B6,Закрытые!$B$5:$B$300,"T-*")=0,"",SUMIFS(Торговля!$F$5:$F$300,Торговля!$E$5:$E$300,$B6)+SUMIFS(Закрытые!$F$5:$F$300,Закрытые!$E$5:$E$300,$B6,Закрытые!$B$5:$B$300,"T-*")) | D6: =IF(C6="","",(SUMPRODUCT((Торговля!$E$5:$E$300=$B6)*Торговля!$F$5:$F$300*Торговля!$G$5:$G$300)+SUMPRODUCT((Закрытые!$E$5:$E$300=$B6)*(LEFT(Закрытые!$B$5:$B$300,2)="T-")*Закрытые!$F$5:$F$300*Закрытые!$G$5:$G$300))/C6) | E6: =IF(C6="","",SUMIFS(Торговля!$H$5:$H$300,Торговля!$E$5:$E$300,$B6)+SUMIFS(Закрытые!$H$5:$H$300,Закрытые!$E$5:$E$300,$B6,Закрытые!$B$5:$B$300,"T-*")) | F6: =IF(SUMIFS(Торговля!$I$5:$I$300,Торговля!$E$5:$E$300,$B6)+SUMIFS(Закрытые!$I$5:$I$300,Закрытые!$E$5:$E$300,$B6,Закрытые!$B$5:$B$300,"T-*")=0,"",SUMIFS(Торговля!$I$5:$I$300,Торговля!$E$5:$E$300,$B6)+SUMIFS(Закрытые!$I$5:$I$300,Закрытые!$E$5:$E$300,$B6,Закрытые!$B$5:$B$300,"T-*")) | G6: =IF(F6="","",(SUMPRODUCT((Торговля!$E$5:$E$300=$B6)*Торговля!$I$5:$I$300*Торговля!$J$5:$J$300)+SUMPRODUCT((Закрытые!$E$5:$E$300=$B6)*(LEFT(Закрытые!$B$5:$B$300,2)="T-")*Закрытые!$I$5:$I$300*Закрытые!$J$5:$J$300))/F6) | H6: =IF(F6="","",SUMIFS(Торговля!$K$5:$K$300,Торговля!$E$5:$E$300,$B6)+SUMIFS(Закрытые!$K$5:$K$300,Закрытые!$E$5:$E$300,$B6,Закрытые!$B$5:$B$300,"T-*")) | I6: =IF($B6="","",IF(COUNTIFS(Торговля!$E$5:$E$300,$B6)+COUNTIFS(Закрытые!$E$5:$E$300,$B6,Закрытые!$B$5:$B$300,"T-*")=0,"",ROUND(SUMIFS(Торговля!$L$5:$L$300,Торговля!$E$5:$E$300,$B6)+SUMIFS(Закрытые!$L$5:$L$300,Закрытые!$E$5:$E$300,$B6,Закрытые!$B$5:$B$300,"T-*"),8))) | J6: =IF($B6="","",IF(COUNTIFS(Торговля!$E$5:$E$300,$B6)+COUNTIFS(Закрытые!$E$5:$E$300,$B6,Закрытые!$B$5:$B$300,"T-*")=0,"",ROUND(SUMIFS(Торговля!$M$5:$M$300,Торговля!$E$5:$E$300,$B6)+SUMIFS(Закрытые!$M$5:$M$300,Закрытые!$E$5:$E$300,$B6,Закрытые!$B$5:$B$300,"T-*"),8))) | K6: =IF($B6="","",ROUND(SUMIFS(Закрытые!$N$5:$N$300,Закрытые!$E$5:$E$300,$B6,Закрытые!$B$5:$B$300,"T-*"),8)) | L6: =IF(K6="","",IF(SUMPRODUCT((Закрытые!$E$5:$E$300=$B6)*(LEFT(Закрытые!$B$5:$B$300,2)="T-")*(COUNTIF(Торговля!$B$5:$B$300,Закрытые!$B$5:$B$300)=0)*((Закрытые!$F$5:$F$300+Закрытые!$I$5:$I$300-ABS(Закрытые!$F$5:$F$300-Закрытые!$I$5:$I$300))/2)*Закрытые!$G$5:$G$300)<=0,0,ROUND(K6/SUMPRODUCT((Закрытые!$E$5:$E$300=$B6)*(LEFT(Закрытые!$B$5:$B$300,2)="T-")*(COUNTIF(Торговля!$B$5:$B$300,Закрытые!$B$5:$B$300)=0)*((Закрытые!$F$5:$F$300+Закрытые!$I$5:$I$300-ABS(Закрытые!$F$5:$F$300-Закрытые!$I$5:$I$300))/2)*Закрытые!$G$5:$G$300)*100,2))) | M6: =IF(OR(ROUND(N(C6)-N(F6),8)=0,1-N(Ввод!$E$17)/100<=0),"",IF(N(C6)>N(F6),(N(E6)-N(H6))/((N(C6)-N(F6))*(1-N(Ввод!$E$17)/100)),(N(H6)-N(E6))/((N(F6)-N(C6))*(1+N(Ввод!$E$17)/100))))
B7: BNB/BTC | C7: =IF(SUMIFS(Торговля!$F$5:$F$300,Торговля!$E$5:$E$300,$B7)+SUMIFS(Закрытые!$F$5:$F$300,Закрытые!$E$5:$E$300,$B7,Закрытые!$B$5:$B$300,"T-*")=0,"",SUMIFS(Торговля!$F$5:$F$300,Торговля!$E$5:$E$300,$B7)+SUMIFS(Закрытые!$F$5:$F$300,Закрытые!$E$5:$E$300,$B7,Закрытые!$B$5:$B$300,"T-*")) | D7: =IF(C7="","",(SUMPRODUCT((Торговля!$E$5:$E$300=$B7)*Торговля!$F$5:$F$300*Торговля!$G$5:$G$300)+SUMPRODUCT((Закрытые!$E$5:$E$300=$B7)*(LEFT(Закрытые!$B$5:$B$300,2)="T-")*Закрытые!$F$5:$F$300*Закрытые!$G$5:$G$300))/C7) | E7: =IF(C7="","",SUMIFS(Торговля!$H$5:$H$300,Торговля!$E$5:$E$300,$B7)+SUMIFS(Закрытые!$H$5:$H$300,Закрытые!$E$5:$E$300,$B7,Закрытые!$B$5:$B$300,"T-*")) | F7: =IF(SUMIFS(Торговля!$I$5:$I$300,Торговля!$E$5:$E$300,$B7)+SUMIFS(Закрытые!$I$5:$I$300,Закрытые!$E$5:$E$300,$B7,Закрытые!$B$5:$B$300,"T-*")=0,"",SUMIFS(Торговля!$I$5:$I$300,Торговля!$E$5:$E$300,$B7)+SUMIFS(Закрытые!$I$5:$I$300,Закрытые!$E$5:$E$300,$B7,Закрытые!$B$5:$B$300,"T-*")) | G7: =IF(F7="","",(SUMPRODUCT((Торговля!$E$5:$E$300=$B7)*Торговля!$I$5:$I$300*Торговля!$J$5:$J$300)+SUMPRODUCT((Закрытые!$E$5:$E$300=$B7)*(LEFT(Закрытые!$B$5:$B$300,2)="T-")*Закрытые!$I$5:$I$300*Закрытые!$J$5:$J$300))/F7) | H7: =IF(F7="","",SUMIFS(Торговля!$K$5:$K$300,Торговля!$E$5:$E$300,$B7)+SUMIFS(Закрытые!$K$5:$K$300,Закрытые!$E$5:$E$300,$B7,Закрытые!$B$5:$B$300,"T-*")) | I7: =IF($B7="","",IF(COUNTIFS(Торговля!$E$5:$E$300,$B7)+COUNTIFS(Закрытые!$E$5:$E$300,$B7,Закрытые!$B$5:$B$300,"T-*")=0,"",ROUND(SUMIFS(Торговля!$L$5:$L$300,Торговля!$E$5:$E$300,$B7)+SUMIFS(Закрытые!$L$5:$L$300,Закрытые!$E$5:$E$300,$B7,Закрытые!$B$5:$B$300,"T-*"),8))) | J7: =IF($B7="","",IF(COUNTIFS(Торговля!$E$5:$E$300,$B7)+COUNTIFS(Закрытые!$E$5:$E$300,$B7,Закрытые!$B$5:$B$300,"T-*")=0,"",ROUND(SUMIFS(Торговля!$M$5:$M$300,Торговля!$E$5:$E$300,$B7)+SUMIFS(Закрытые!$M$5:$M$300,Закрытые!$E$5:$E$300,$B7,Закрытые!$B$5:$B$300,"T-*"),8))) | K7: =IF($B7="","",ROUND(SUMIFS(Закрытые!$N$5:$N$300,Закрытые!$E$5:$E$300,$B7,Закрытые!$B$5:$B$300,"T-*"),8)) | L7: =IF(K7="","",IF(SUMPRODUCT((Закрытые!$E$5:$E$300=$B7)*(LEFT(Закрытые!$B$5:$B$300,2)="T-")*(COUNTIF(Торговля!$B$5:$B$300,Закрытые!$B$5:$B$300)=0)*((Закрытые!$F$5:$F$300+Закрытые!$I$5:$I$300-ABS(Закрытые!$F$5:$F$300-Закрытые!$I$5:$I$300))/2)*Закрытые!$G$5:$G$300)<=0,0,ROUND(K7/SUMPRODUCT((Закрытые!$E$5:$E$300=$B7)*(LEFT(Закрытые!$B$5:$B$300,2)="T-")*(COUNTIF(Торговля!$B$5:$B$300,Закрытые!$B$5:$B$300)=0)*((Закрытые!$F$5:$F$300+Закрытые!$I$5:$I$300-ABS(Закрытые!$F$5:$F$300-Закрытые!$I$5:$I$300))/2)*Закрытые!$G$5:$G$300)*100,2))) | M7: =IF(OR(ROUND(N(C7)-N(F7),8)=0,1-N(Ввод!$E$17)/100<=0),"",IF(N(C7)>N(F7),(N(E7)-N(H7))/((N(C7)-N(F7))*(1-N(Ввод!$E$17)/100)),(N(H7)-N(E7))/((N(F7)-N(C7))*(1+N(Ввод!$E$17)/100))))
B8: BNB/ETH | C8: =IF(SUMIFS(Торговля!$F$5:$F$300,Торговля!$E$5:$E$300,$B8)+SUMIFS(Закрытые!$F$5:$F$300,Закрытые!$E$5:$E$300,$B8,Закрытые!$B$5:$B$300,"T-*")=0,"",SUMIFS(Торговля!$F$5:$F$300,Торговля!$E$5:$E$300,$B8)+SUMIFS(Закрытые!$F$5:$F$300,Закрытые!$E$5:$E$300,$B8,Закрытые!$B$5:$B$300,"T-*")) | D8: =IF(C8="","",(SUMPRODUCT((Торговля!$E$5:$E$300=$B8)*Торговля!$F$5:$F$300*Торговля!$G$5:$G$300)+SUMPRODUCT((Закрытые!$E$5:$E$300=$B8)*(LEFT(Закрытые!$B$5:$B$300,2)="T-")*Закрытые!$F$5:$F$300*Закрытые!$G$5:$G$300))/C8) | E8: =IF(C8="","",SUMIFS(Торговля!$H$5:$H$300,Торговля!$E$5:$E$300,$B8)+SUMIFS(Закрытые!$H$5:$H$300,Закрытые!$E$5:$E$300,$B8,Закрытые!$B$5:$B$300,"T-*")) | F8: =IF(SUMIFS(Торговля!$I$5:$I$300,Торговля!$E$5:$E$300,$B8)+SUMIFS(Закрытые!$I$5:$I$300,Закрытые!$E$5:$E$300,$B8,Закрытые!$B$5:$B$300,"T-*")=0,"",SUMIFS(Торговля!$I$5:$I$300,Торговля!$E$5:$E$300,$B8)+SUMIFS(Закрытые!$I$5:$I$300,Закрытые!$E$5:$E$300,$B8,Закрытые!$B$5:$B$300,"T-*")) | G8: =IF(F8="","",(SUMPRODUCT((Торговля!$E$5:$E$300=$B8)*Торговля!$I$5:$I$300*Торговля!$J$5:$J$300)+SUMPRODUCT((Закрытые!$E$5:$E$300=$B8)*(LEFT(Закрытые!$B$5:$B$300,2)="T-")*Закрытые!$I$5:$I$300*Закрытые!$J$5:$J$300))/F8) | H8: =IF(F8="","",SUMIFS(Торговля!$K$5:$K$300,Торговля!$E$5:$E$300,$B8)+SUMIFS(Закрытые!$K$5:$K$300,Закрытые!$E$5:$E$300,$B8,Закрытые!$B$5:$B$300,"T-*")) | I8: =IF($B8="","",IF(COUNTIFS(Торговля!$E$5:$E$300,$B8)+COUNTIFS(Закрытые!$E$5:$E$300,$B8,Закрытые!$B$5:$B$300,"T-*")=0,"",ROUND(SUMIFS(Торговля!$L$5:$L$300,Торговля!$E$5:$E$300,$B8)+SUMIFS(Закрытые!$L$5:$L$300,Закрытые!$E$5:$E$300,$B8,Закрытые!$B$5:$B$300,"T-*"),8))) | J8: =IF($B8="","",IF(COUNTIFS(Торговля!$E$5:$E$300,$B8)+COUNTIFS(Закрытые!$E$5:$E$300,$B8,Закрытые!$B$5:$B$300,"T-*")=0,"",ROUND(SUMIFS(Торговля!$M$5:$M$300,Торговля!$E$5:$E$300,$B8)+SUMIFS(Закрытые!$M$5:$M$300,Закрытые!$E$5:$E$300,$B8,Закрытые!$B$5:$B$300,"T-*"),8))) | K8: =IF($B8="","",ROUND(SUMIFS(Закрытые!$N$5:$N$300,Закрытые!$E$5:$E$300,$B8,Закрытые!$B$5:$B$300,"T-*"),8)) | L8: =IF(K8="","",IF(SUMPRODUCT((Закрытые!$E$5:$E$300=$B8)*(LEFT(Закрытые!$B$5:$B$300,2)="T-")*(COUNTIF(Торговля!$B$5:$B$300,Закрытые!$B$5:$B$300)=0)*((Закрытые!$F$5:$F$300+Закрытые!$I$5:$I$300-ABS(Закрытые!$F$5:$F$300-Закрытые!$I$5:$I$300))/2)*Закрытые!$G$5:$G$300)<=0,0,ROUND(K8/SUMPRODUCT((Закрытые!$E$5:$E$300=$B8)*(LEFT(Закрытые!$B$5:$B$300,2)="T-")*(COUNTIF(Торговля!$B$5:$B$300,Закрытые!$B$5:$B$300)=0)*((Закрытые!$F$5:$F$300+Закрытые!$I$5:$I$300-ABS(Закрытые!$F$5:$F$300-Закрытые!$I$5:$I$300))/2)*Закрытые!$G$5:$G$300)*100,2))) | M8: =IF(OR(ROUND(N(C8)-N(F8),8)=0,1-N(Ввод!$E$17)/100<=0),"",IF(N(C8)>N(F8),(N(E8)-N(H8))/((N(C8)-N(F8))*(1-N(Ввод!$E$17)/100)),(N(H8)-N(E8))/((N(F8)-N(C8))*(1+N(Ввод!$E$17)/100))))
B9: BNB/USDT | C9: =IF(SUMIFS(Торговля!$F$5:$F$300,Торговля!$E$5:$E$300,$B9)+SUMIFS(Закрытые!$F$5:$F$300,Закрытые!$E$5:$E$300,$B9,Закрытые!$B$5:$B$300,"T-*")=0,"",SUMIFS(Торговля!$F$5:$F$300,Торговля!$E$5:$E$300,$B9)+SUMIFS(Закрытые!$F$5:$F$300,Закрытые!$E$5:$E$300,$B9,Закрытые!$B$5:$B$300,"T-*")) | D9: =IF(C9="","",(SUMPRODUCT((Торговля!$E$5:$E$300=$B9)*Торговля!$F$5:$F$300*Торговля!$G$5:$G$300)+SUMPRODUCT((Закрытые!$E$5:$E$300=$B9)*(LEFT(Закрытые!$B$5:$B$300,2)="T-")*Закрытые!$F$5:$F$300*Закрытые!$G$5:$G$300))/C9) | E9: =IF(C9="","",SUMIFS(Торговля!$H$5:$H$300,Торговля!$E$5:$E$300,$B9)+SUMIFS(Закрытые!$H$5:$H$300,Закрытые!$E$5:$E$300,$B9,Закрытые!$B$5:$B$300,"T-*")) | F9: =IF(SUMIFS(Торговля!$I$5:$I$300,Торговля!$E$5:$E$300,$B9)+SUMIFS(Закрытые!$I$5:$I$300,Закрытые!$E$5:$E$300,$B9,Закрытые!$B$5:$B$300,"T-*")=0,"",SUMIFS(Торговля!$I$5:$I$300,Торговля!$E$5:$E$300,$B9)+SUMIFS(Закрытые!$I$5:$I$300,Закрытые!$E$5:$E$300,$B9,Закрытые!$B$5:$B$300,"T-*")) | G9: =IF(F9="","",(SUMPRODUCT((Торговля!$E$5:$E$300=$B9)*Торговля!$I$5:$I$300*Торговля!$J$5:$J$300)+SUMPRODUCT((Закрытые!$E$5:$E$300=$B9)*(LEFT(Закрытые!$B$5:$B$300,2)="T-")*Закрытые!$I$5:$I$300*Закрытые!$J$5:$J$300))/F9) | H9: =IF(F9="","",SUMIFS(Торговля!$K$5:$K$300,Торговля!$E$5:$E$300,$B9)+SUMIFS(Закрытые!$K$5:$K$300,Закрытые!$E$5:$E$300,$B9,Закрытые!$B$5:$B$300,"T-*")) | I9: =IF($B9="","",IF(COUNTIFS(Торговля!$E$5:$E$300,$B9)+COUNTIFS(Закрытые!$E$5:$E$300,$B9,Закрытые!$B$5:$B$300,"T-*")=0,"",ROUND(SUMIFS(Торговля!$L$5:$L$300,Торговля!$E$5:$E$300,$B9)+SUMIFS(Закрытые!$L$5:$L$300,Закрытые!$E$5:$E$300,$B9,Закрытые!$B$5:$B$300,"T-*"),8))) | J9: =IF($B9="","",IF(COUNTIFS(Торговля!$E$5:$E$300,$B9)+COUNTIFS(Закрытые!$E$5:$E$300,$B9,Закрытые!$B$5:$B$300,"T-*")=0,"",ROUND(SUMIFS(Торговля!$M$5:$M$300,Торговля!$E$5:$E$300,$B9)+SUMIFS(Закрытые!$M$5:$M$300,Закрытые!$E$5:$E$300,$B9,Закрытые!$B$5:$B$300,"T-*"),8))) | K9: =IF($B9="","",ROUND(SUMIFS(Закрытые!$N$5:$N$300,Закрытые!$E$5:$E$300,$B9,Закрытые!$B$5:$B$300,"T-*"),8)) | L9: =IF(K9="","",IF(SUMPRODUCT((Закрытые!$E$5:$E$300=$B9)*(LEFT(Закрытые!$B$5:$B$300,2)="T-")*(COUNTIF(Торговля!$B$5:$B$300,Закрытые!$B$5:$B$300)=0)*((Закрытые!$F$5:$F$300+Закрытые!$I$5:$I$300-ABS(Закрытые!$F$5:$F$300-Закрытые!$I$5:$I$300))/2)*Закрытые!$G$5:$G$300)<=0,0,ROUND(K9/SUMPRODUCT((Закрытые!$E$5:$E$300=$B9)*(LEFT(Закрытые!$B$5:$B$300,2)="T-")*(COUNTIF(Торговля!$B$5:$B$300,Закрытые!$B$5:$B$300)=0)*((Закрытые!$F$5:$F$300+Закрытые!$I$5:$I$300-ABS(Закрытые!$F$5:$F$300-Закрытые!$I$5:$I$300))/2)*Закрытые!$G$5:$G$300)*100,2))) | M9: =IF(OR(ROUND(N(C9)-N(F9),8)=0,1-N(Ввод!$E$17)/100<=0),"",IF(N(C9)>N(F9),(N(E9)-N(H9))/((N(C9)-N(F9))*(1-N(Ввод!$E$17)/100)),(N(H9)-N(E9))/((N(F9)-N(C9))*(1+N(Ввод!$E$17)/100))))
B10: BTC/USDT | C10: =IF(SUMIFS(Торговля!$F$5:$F$300,Торговля!$E$5:$E$300,$B10)+SUMIFS(Закрытые!$F$5:$F$300,Закрытые!$E$5:$E$300,$B10,Закрытые!$B$5:$B$300,"T-*")=0,"",SUMIFS(Торговля!$F$5:$F$300,Торговля!$E$5:$E$300,$B10)+SUMIFS(Закрытые!$F$5:$F$300,Закрытые!$E$5:$E$300,$B10,Закрытые!$B$5:$B$300,"T-*")) | D10: =IF(C10="","",(SUMPRODUCT((Торговля!$E$5:$E$300=$B10)*Торговля!$F$5:$F$300*Торговля!$G$5:$G$300)+SUMPRODUCT((Закрытые!$E$5:$E$300=$B10)*(LEFT(Закрытые!$B$5:$B$300,2)="T-")*Закрытые!$F$5:$F$300*Закрытые!$G$5:$G$300))/C10) | E10: =IF(C10="","",SUMIFS(Торговля!$H$5:$H$300,Торговля!$E$5:$E$300,$B10)+SUMIFS(Закрытые!$H$5:$H$300,Закрытые!$E$5:$E$300,$B10,Закрытые!$B$5:$B$300,"T-*")) | F10: =IF(SUMIFS(Торговля!$I$5:$I$300,Торговля!$E$5:$E$300,$B10)+SUMIFS(Закрытые!$I$5:$I$300,Закрытые!$E$5:$E$300,$B10,Закрытые!$B$5:$B$300,"T-*")=0,"",SUMIFS(Торговля!$I$5:$I$300,Торговля!$E$5:$E$300,$B10)+SUMIFS(Закрытые!$I$5:$I$300,Закрытые!$E$5:$E$300,$B10,Закрытые!$B$5:$B$300,"T-*")) | G10: =IF(F10="","",(SUMPRODUCT((Торговля!$E$5:$E$300=$B10)*Торговля!$I$5:$I$300*Торговля!$J$5:$J$300)+SUMPRODUCT((Закрытые!$E$5:$E$300=$B10)*(LEFT(Закрытые!$B$5:$B$300,2)="T-")*Закрытые!$I$5:$I$300*Закрытые!$J$5:$J$300))/F10) | H10: =IF(F10="","",SUMIFS(Торговля!$K$5:$K$300,Торговля!$E$5:$E$300,$B10)+SUMIFS(Закрытые!$K$5:$K$300,Закрытые!$E$5:$E$300,$B10,Закрытые!$B$5:$B$300,"T-*")) | I10: =IF($B10="","",IF(COUNTIFS(Торговля!$E$5:$E$300,$B10)+COUNTIFS(Закрытые!$E$5:$E$300,$B10,Закрытые!$B$5:$B$300,"T-*")=0,"",ROUND(SUMIFS(Торговля!$L$5:$L$300,Торговля!$E$5:$E$300,$B10)+SUMIFS(Закрытые!$L$5:$L$300,Закрытые!$E$5:$E$300,$B10,Закрытые!$B$5:$B$300,"T-*"),8))) | J10: =IF($B10="","",IF(COUNTIFS(Торговля!$E$5:$E$300,$B10)+COUNTIFS(Закрытые!$E$5:$E$300,$B10,Закрытые!$B$5:$B$300,"T-*")=0,"",ROUND(SUMIFS(Торговля!$M$5:$M$300,Торговля!$E$5:$E$300,$B10)+SUMIFS(Закрытые!$M$5:$M$300,Закрытые!$E$5:$E$300,$B10,Закрытые!$B$5:$B$300,"T-*"),8))) | K10: =IF($B10="","",ROUND(SUMIFS(Закрытые!$N$5:$N$300,Закрытые!$E$5:$E$300,$B10,Закрытые!$B$5:$B$300,"T-*"),8)) | L10: =IF(K10="","",IF(SUMPRODUCT((Закрытые!$E$5:$E$300=$B10)*(LEFT(Закрытые!$B$5:$B$300,2)="T-")*(COUNTIF(Торговля!$B$5:$B$300,Закрытые!$B$5:$B$300)=0)*((Закрытые!$F$5:$F$300+Закрытые!$I$5:$I$300-ABS(Закрытые!$F$5:$F$300-Закрытые!$I$5:$I$300))/2)*Закрытые!$G$5:$G$300)<=0,0,ROUND(K10/SUMPRODUCT((Закрытые!$E$5:$E$300=$B10)*(LEFT(Закрытые!$B$5:$B$300,2)="T-")*(COUNTIF(Торговля!$B$5:$B$300,Закрытые!$B$5:$B$300)=0)*((Закрытые!$F$5:$F$300+Закрытые!$I$5:$I$300-ABS(Закрытые!$F$5:$F$300-Закрытые!$I$5:$I$300))/2)*Закрытые!$G$5:$G$300)*100,2))) | M10: =IF(OR(ROUND(N(C10)-N(F10),8)=0,1-N(Ввод!$E$17)/100<=0),"",IF(N(C10)>N(F10),(N(E10)-N(H10))/((N(C10)-N(F10))*(1-N(Ввод!$E$17)/100)),(N(H10)-N(E10))/((N(F10)-N(C10))*(1+N(Ввод!$E$17)/100))))
B11: CAKE/ETH | C11: =IF(SUMIFS(Торговля!$F$5:$F$300,Торговля!$E$5:$E$300,$B11)+SUMIFS(Закрытые!$F$5:$F$300,Закрытые!$E$5:$E$300,$B11,Закрытые!$B$5:$B$300,"T-*")=0,"",SUMIFS(Торговля!$F$5:$F$300,Торговля!$E$5:$E$300,$B11)+SUMIFS(Закрытые!$F$5:$F$300,Закрытые!$E$5:$E$300,$B11,Закрытые!$B$5:$B$300,"T-*")) | D11: =IF(C11="","",(SUMPRODUCT((Торговля!$E$5:$E$300=$B11)*Торговля!$F$5:$F$300*Торговля!$G$5:$G$300)+SUMPRODUCT((Закрытые!$E$5:$E$300=$B11)*(LEFT(Закрытые!$B$5:$B$300,2)="T-")*Закрытые!$F$5:$F$300*Закрытые!$G$5:$G$300))/C11) | E11: =IF(C11="","",SUMIFS(Торговля!$H$5:$H$300,Торговля!$E$5:$E$300,$B11)+SUMIFS(Закрытые!$H$5:$H$300,Закрытые!$E$5:$E$300,$B11,Закрытые!$B$5:$B$300,"T-*")) | F11: =IF(SUMIFS(Торговля!$I$5:$I$300,Торговля!$E$5:$E$300,$B11)+SUMIFS(Закрытые!$I$5:$I$300,Закрытые!$E$5:$E$300,$B11,Закрытые!$B$5:$B$300,"T-*")=0,"",SUMIFS(Торговля!$I$5:$I$300,Торговля!$E$5:$E$300,$B11)+SUMIFS(Закрытые!$I$5:$I$300,Закрытые!$E$5:$E$300,$B11,Закрытые!$B$5:$B$300,"T-*")) | G11: =IF(F11="","",(SUMPRODUCT((Торговля!$E$5:$E$300=$B11)*Торговля!$I$5:$I$300*Торговля!$J$5:$J$300)+SUMPRODUCT((Закрытые!$E$5:$E$300=$B11)*(LEFT(Закрытые!$B$5:$B$300,2)="T-")*Закрытые!$I$5:$I$300*Закрытые!$J$5:$J$300))/F11) | H11: =IF(F11="","",SUMIFS(Торговля!$K$5:$K$300,Торговля!$E$5:$E$300,$B11)+SUMIFS(Закрытые!$K$5:$K$300,Закрытые!$E$5:$E$300,$B11,Закрытые!$B$5:$B$300,"T-*")) | I11: =IF($B11="","",IF(COUNTIFS(Торговля!$E$5:$E$300,$B11)+COUNTIFS(Закрытые!$E$5:$E$300,$B11,Закрытые!$B$5:$B$300,"T-*")=0,"",ROUND(SUMIFS(Торговля!$L$5:$L$300,Торговля!$E$5:$E$300,$B11)+SUMIFS(Закрытые!$L$5:$L$300,Закрытые!$E$5:$E$300,$B11,Закрытые!$B$5:$B$300,"T-*"),8))) | J11: =IF($B11="","",IF(COUNTIFS(Торговля!$E$5:$E$300,$B11)+COUNTIFS(Закрытые!$E$5:$E$300,$B11,Закрытые!$B$5:$B$300,"T-*")=0,"",ROUND(SUMIFS(Торговля!$M$5:$M$300,Торговля!$E$5:$E$300,$B11)+SUMIFS(Закрытые!$M$5:$M$300,Закрытые!$E$5:$E$300,$B11,Закрытые!$B$5:$B$300,"T-*"),8))) | K11: =IF($B11="","",ROUND(SUMIFS(Закрытые!$N$5:$N$300,Закрытые!$E$5:$E$300,$B11,Закрытые!$B$5:$B$300,"T-*"),8)) | L11: =IF(K11="","",IF(SUMPRODUCT((Закрытые!$E$5:$E$300=$B11)*(LEFT(Закрытые!$B$5:$B$300,2)="T-")*(COUNTIF(Торговля!$B$5:$B$300,Закрытые!$B$5:$B$300)=0)*((Закрытые!$F$5:$F$300+Закрытые!$I$5:$I$300-ABS(Закрытые!$F$5:$F$300-Закрытые!$I$5:$I$300))/2)*Закрытые!$G$5:$G$300)<=0,0,ROUND(K11/SUMPRODUCT((Закрытые!$E$5:$E$300=$B11)*(LEFT(Закрытые!$B$5:$B$300,2)="T-")*(COUNTIF(Торговля!$B$5:$B$300,Закрытые!$B$5:$B$300)=0)*((Закрытые!$F$5:$F$300+Закрытые!$I$5:$I$300-ABS(Закрытые!$F$5:$F$300-Закрытые!$I$5:$I$300))/2)*Закрытые!$G$5:$G$300)*100,2))) | M11: =IF(OR(ROUND(N(C11)-N(F11),8)=0,1-N(Ввод!$E$17)/100<=0),"",IF(N(C11)>N(F11),(N(E11)-N(H11))/((N(C11)-N(F11))*(1-N(Ввод!$E$17)/100)),(N(H11)-N(E11))/((N(F11)-N(C11))*(1+N(Ввод!$E$17)/100))))
B12: DASH/BTC | C12: =IF(SUMIFS(Торговля!$F$5:$F$300,Торговля!$E$5:$E$300,$B12)+SUMIFS(Закрытые!$F$5:$F$300,Закрытые!$E$5:$E$300,$B12,Закрытые!$B$5:$B$300,"T-*")=0,"",SUMIFS(Торговля!$F$5:$F$300,Торговля!$E$5:$E$300,$B12)+SUMIFS(Закрытые!$F$5:$F$300,Закрытые!$E$5:$E$300,$B12,Закрытые!$B$5:$B$300,"T-*")) | D12: =IF(C12="","",(SUMPRODUCT((Торговля!$E$5:$E$300=$B12)*Торговля!$F$5:$F$300*Торговля!$G$5:$G$300)+SUMPRODUCT((Закрытые!$E$5:$E$300=$B12)*(LEFT(Закрытые!$B$5:$B$300,2)="T-")*Закрытые!$F$5:$F$300*Закрытые!$G$5:$G$300))/C12) | E12: =IF(C12="","",SUMIFS(Торговля!$H$5:$H$300,Торговля!$E$5:$E$300,$B12)+SUMIFS(Закрытые!$H$5:$H$300,Закрытые!$E$5:$E$300,$B12,Закрытые!$B$5:$B$300,"T-*")) | F12: =IF(SUMIFS(Торговля!$I$5:$I$300,Торговля!$E$5:$E$300,$B12)+SUMIFS(Закрытые!$I$5:$I$300,Закрытые!$E$5:$E$300,$B12,Закрытые!$B$5:$B$300,"T-*")=0,"",SUMIFS(Торговля!$I$5:$I$300,Торговля!$E$5:$E$300,$B12)+SUMIFS(Закрытые!$I$5:$I$300,Закрытые!$E$5:$E$300,$B12,Закрытые!$B$5:$B$300,"T-*")) | G12: =IF(F12="","",(SUMPRODUCT((Торговля!$E$5:$E$300=$B12)*Торговля!$I$5:$I$300*Торговля!$J$5:$J$300)+SUMPRODUCT((Закрытые!$E$5:$E$300=$B12)*(LEFT(Закрытые!$B$5:$B$300,2)="T-")*Закрытые!$I$5:$I$300*Закрытые!$J$5:$J$300))/F12) | H12: =IF(F12="","",SUMIFS(Торговля!$K$5:$K$300,Торговля!$E$5:$E$300,$B12)+SUMIFS(Закрытые!$K$5:$K$300,Закрытые!$E$5:$E$300,$B12,Закрытые!$B$5:$B$300,"T-*")) | I12: =IF($B12="","",IF(COUNTIFS(Торговля!$E$5:$E$300,$B12)+COUNTIFS(Закрытые!$E$5:$E$300,$B12,Закрытые!$B$5:$B$300,"T-*")=0,"",ROUND(SUMIFS(Торговля!$L$5:$L$300,Торговля!$E$5:$E$300,$B12)+SUMIFS(Закрытые!$L$5:$L$300,Закрытые!$E$5:$E$300,$B12,Закрытые!$B$5:$B$300,"T-*"),8))) | J12: =IF($B12="","",IF(COUNTIFS(Торговля!$E$5:$E$300,$B12)+COUNTIFS(Закрытые!$E$5:$E$300,$B12,Закрытые!$B$5:$B$300,"T-*")=0,"",ROUND(SUMIFS(Торговля!$M$5:$M$300,Торговля!$E$5:$E$300,$B12)+SUMIFS(Закрытые!$M$5:$M$300,Закрытые!$E$5:$E$300,$B12,Закрытые!$B$5:$B$300,"T-*"),8))) | K12: =IF($B12="","",ROUND(SUMIFS(Закрытые!$N$5:$N$300,Закрытые!$E$5:$E$300,$B12,Закрытые!$B$5:$B$300,"T-*"),8)) | L12: =IF(K12="","",IF(SUMPRODUCT((Закрытые!$E$5:$E$300=$B12)*(LEFT(Закрытые!$B$5:$B$300,2)="T-")*(COUNTIF(Торговля!$B$5:$B$300,Закрытые!$B$5:$B$300)=0)*((Закрытые!$F$5:$F$300+Закрытые!$I$5:$I$300-ABS(Закрытые!$F$5:$F$300-Закрытые!$I$5:$I$300))/2)*Закрытые!$G$5:$G$300)<=0,0,ROUND(K12/SUMPRODUCT((Закрытые!$E$5:$E$300=$B12)*(LEFT(Закрытые!$B$5:$B$300,2)="T-")*(COUNTIF(Торговля!$B$5:$B$300,Закрытые!$B$5:$B$300)=0)*((Закрытые!$F$5:$F$300+Закрытые!$I$5:$I$300-ABS(Закрытые!$F$5:$F$300-Закрытые!$I$5:$I$300))/2)*Закрытые!$G$5:$G$300)*100,2))) | M12: =IF(OR(ROUND(N(C12)-N(F12),8)=0,1-N(Ввод!$E$17)/100<=0),"",IF(N(C12)>N(F12),(N(E12)-N(H12))/((N(C12)-N(F12))*(1-N(Ввод!$E$17)/100)),(N(H12)-N(E12))/((N(F12)-N(C12))*(1+N(Ввод!$E$17)/100))))
B13: DASH/LTC | C13: =IF(SUMIFS(Торговля!$F$5:$F$300,Торговля!$E$5:$E$300,$B13)+SUMIFS(Закрытые!$F$5:$F$300,Закрытые!$E$5:$E$300,$B13,Закрытые!$B$5:$B$300,"T-*")=0,"",SUMIFS(Торговля!$F$5:$F$300,Торговля!$E$5:$E$300,$B13)+SUMIFS(Закрытые!$F$5:$F$300,Закрытые!$E$5:$E$300,$B13,Закрытые!$B$5:$B$300,"T-*")) | D13: =IF(C13="","",(SUMPRODUCT((Торговля!$E$5:$E$300=$B13)*Торговля!$F$5:$F$300*Торговля!$G$5:$G$300)+SUMPRODUCT((Закрытые!$E$5:$E$300=$B13)*(LEFT(Закрытые!$B$5:$B$300,2)="T-")*Закрытые!$F$5:$F$300*Закрытые!$G$5:$G$300))/C13) | E13: =IF(C13="","",SUMIFS(Торговля!$H$5:$H$300,Торговля!$E$5:$E$300,$B13)+SUMIFS(Закрытые!$H$5:$H$300,Закрытые!$E$5:$E$300,$B13,Закрытые!$B$5:$B$300,"T-*")) | F13: =IF(SUMIFS(Торговля!$I$5:$I$300,Торговля!$E$5:$E$300,$B13)+SUMIFS(Закрытые!$I$5:$I$300,Закрытые!$E$5:$E$300,$B13,Закрытые!$B$5:$B$300,"T-*")=0,"",SUMIFS(Торговля!$I$5:$I$300,Торговля!$E$5:$E$300,$B13)+SUMIFS(Закрытые!$I$5:$I$300,Закрытые!$E$5:$E$300,$B13,Закрытые!$B$5:$B$300,"T-*")) | G13: =IF(F13="","",(SUMPRODUCT((Торговля!$E$5:$E$300=$B13)*Торговля!$I$5:$I$300*Торговля!$J$5:$J$300)+SUMPRODUCT((Закрытые!$E$5:$E$300=$B13)*(LEFT(Закрытые!$B$5:$B$300,2)="T-")*Закрытые!$I$5:$I$300*Закрытые!$J$5:$J$300))/F13) | H13: =IF(F13="","",SUMIFS(Торговля!$K$5:$K$300,Торговля!$E$5:$E$300,$B13)+SUMIFS(Закрытые!$K$5:$K$300,Закрытые!$E$5:$E$300,$B13,Закрытые!$B$5:$B$300,"T-*")) | I13: =IF($B13="","",IF(COUNTIFS(Торговля!$E$5:$E$300,$B13)+COUNTIFS(Закрытые!$E$5:$E$300,$B13,Закрытые!$B$5:$B$300,"T-*")=0,"",ROUND(SUMIFS(Торговля!$L$5:$L$300,Торговля!$E$5:$E$300,$B13)+SUMIFS(Закрытые!$L$5:$L$300,Закрытые!$E$5:$E$300,$B13,Закрытые!$B$5:$B$300,"T-*"),8))) | J13: =IF($B13="","",IF(COUNTIFS(Торговля!$E$5:$E$300,$B13)+COUNTIFS(Закрытые!$E$5:$E$300,$B13,Закрытые!$B$5:$B$300,"T-*")=0,"",ROUND(SUMIFS(Торговля!$M$5:$M$300,Торговля!$E$5:$E$300,$B13)+SUMIFS(Закрытые!$M$5:$M$300,Закрытые!$E$5:$E$300,$B13,Закрытые!$B$5:$B$300,"T-*"),8))) | K13: =IF($B13="","",ROUND(SUMIFS(Закрытые!$N$5:$N$300,Закрытые!$E$5:$E$300,$B13,Закрытые!$B$5:$B$300,"T-*"),8)) | L13: =IF(K13="","",IF(SUMPRODUCT((Закрытые!$E$5:$E$300=$B13)*(LEFT(Закрытые!$B$5:$B$300,2)="T-")*(COUNTIF(Торговля!$B$5:$B$300,Закрытые!$B$5:$B$300)=0)*((Закрытые!$F$5:$F$300+Закрытые!$I$5:$I$300-ABS(Закрытые!$F$5:$F$300-Закрытые!$I$5:$I$300))/2)*Закрытые!$G$5:$G$300)<=0,0,ROUND(K13/SUMPRODUCT((Закрытые!$E$5:$E$300=$B13)*(LEFT(Закрытые!$B$5:$B$300,2)="T-")*(COUNTIF(Торговля!$B$5:$B$300,Закрытые!$B$5:$B$300)=0)*((Закрытые!$F$5:$F$300+Закрытые!$I$5:$I$300-ABS(Закрытые!$F$5:$F$300-Закрытые!$I$5:$I$300))/2)*Закрытые!$G$5:$G$300)*100,2))) | M13: =IF(OR(ROUND(N(C13)-N(F13),8)=0,1-N(Ввод!$E$17)/100<=0),"",IF(N(C13)>N(F13),(N(E13)-N(H13))/((N(C13)-N(F13))*(1-N(Ввод!$E$17)/100)),(N(H13)-N(E13))/((N(F13)-N(C13))*(1+N(Ввод!$E$17)/100))))
B14: DOGE/BTC | C14: =IF(SUMIFS(Торговля!$F$5:$F$300,Торговля!$E$5:$E$300,$B14)+SUMIFS(Закрытые!$F$5:$F$300,Закрытые!$E$5:$E$300,$B14,Закрытые!$B$5:$B$300,"T-*")=0,"",SUMIFS(Торговля!$F$5:$F$300,Торговля!$E$5:$E$300,$B14)+SUMIFS(Закрытые!$F$5:$F$300,Закрытые!$E$5:$E$300,$B14,Закрытые!$B$5:$B$300,"T-*")) | D14: =IF(C14="","",(SUMPRODUCT((Торговля!$E$5:$E$300=$B14)*Торговля!$F$5:$F$300*Торговля!$G$5:$G$300)+SUMPRODUCT((Закрытые!$E$5:$E$300=$B14)*(LEFT(Закрытые!$B$5:$B$300,2)="T-")*Закрытые!$F$5:$F$300*Закрытые!$G$5:$G$300))/C14) | E14: =IF(C14="","",SUMIFS(Торговля!$H$5:$H$300,Торговля!$E$5:$E$300,$B14)+SUMIFS(Закрытые!$H$5:$H$300,Закрытые!$E$5:$E$300,$B14,Закрытые!$B$5:$B$300,"T-*")) | F14: =IF(SUMIFS(Торговля!$I$5:$I$300,Торговля!$E$5:$E$300,$B14)+SUMIFS(Закрытые!$I$5:$I$300,Закрытые!$E$5:$E$300,$B14,Закрытые!$B$5:$B$300,"T-*")=0,"",SUMIFS(Торговля!$I$5:$I$300,Торговля!$E$5:$E$300,$B14)+SUMIFS(Закрытые!$I$5:$I$300,Закрытые!$E$5:$E$300,$B14,Закрытые!$B$5:$B$300,"T-*")) | G14: =IF(F14="","",(SUMPRODUCT((Торговля!$E$5:$E$300=$B14)*Торговля!$I$5:$I$300*Торговля!$J$5:$J$300)+SUMPRODUCT((Закрытые!$E$5:$E$300=$B14)*(LEFT(Закрытые!$B$5:$B$300,2)="T-")*Закрытые!$I$5:$I$300*Закрытые!$J$5:$J$300))/F14) | H14: =IF(F14="","",SUMIFS(Торговля!$K$5:$K$300,Торговля!$E$5:$E$300,$B14)+SUMIFS(Закрытые!$K$5:$K$300,Закрытые!$E$5:$E$300,$B14,Закрытые!$B$5:$B$300,"T-*")) | I14: =IF($B14="","",IF(COUNTIFS(Торговля!$E$5:$E$300,$B14)+COUNTIFS(Закрытые!$E$5:$E$300,$B14,Закрытые!$B$5:$B$300,"T-*")=0,"",ROUND(SUMIFS(Торговля!$L$5:$L$300,Торговля!$E$5:$E$300,$B14)+SUMIFS(Закрытые!$L$5:$L$300,Закрытые!$E$5:$E$300,$B14,Закрытые!$B$5:$B$300,"T-*"),8))) | J14: =IF($B14="","",IF(COUNTIFS(Торговля!$E$5:$E$300,$B14)+COUNTIFS(Закрытые!$E$5:$E$300,$B14,Закрытые!$B$5:$B$300,"T-*")=0,"",ROUND(SUMIFS(Торговля!$M$5:$M$300,Торговля!$E$5:$E$300,$B14)+SUMIFS(Закрытые!$M$5:$M$300,Закрытые!$E$5:$E$300,$B14,Закрытые!$B$5:$B$300,"T-*"),8))) | K14: =IF($B14="","",ROUND(SUMIFS(Закрытые!$N$5:$N$300,Закрытые!$E$5:$E$300,$B14,Закрытые!$B$5:$B$300,"T-*"),8)) | L14: =IF(K14="","",IF(SUMPRODUCT((Закрытые!$E$5:$E$300=$B14)*(LEFT(Закрытые!$B$5:$B$300,2)="T-")*(COUNTIF(Торговля!$B$5:$B$300,Закрытые!$B$5:$B$300)=0)*((Закрытые!$F$5:$F$300+Закрытые!$I$5:$I$300-ABS(Закрытые!$F$5:$F$300-Закрытые!$I$5:$I$300))/2)*Закрытые!$G$5:$G$300)<=0,0,ROUND(K14/SUMPRODUCT((Закрытые!$E$5:$E$300=$B14)*(LEFT(Закрытые!$B$5:$B$300,2)="T-")*(COUNTIF(Торговля!$B$5:$B$300,Закрытые!$B$5:$B$300)=0)*((Закрытые!$F$5:$F$300+Закрытые!$I$5:$I$300-ABS(Закрытые!$F$5:$F$300-Закрытые!$I$5:$I$300))/2)*Закрытые!$G$5:$G$300)*100,2))) | M14: =IF(OR(ROUND(N(C14)-N(F14),8)=0,1-N(Ввод!$E$17)/100<=0),"",IF(N(C14)>N(F14),(N(E14)-N(H14))/((N(C14)-N(F14))*(1-N(Ввод!$E$17)/100)),(N(H14)-N(E14))/((N(F14)-N(C14))*(1+N(Ввод!$E$17)/100))))
B15: DOGE/USDT | C15: =IF(SUMIFS(Торговля!$F$5:$F$300,Торговля!$E$5:$E$300,$B15)+SUMIFS(Закрытые!$F$5:$F$300,Закрытые!$E$5:$E$300,$B15,Закрытые!$B$5:$B$300,"T-*")=0,"",SUMIFS(Торговля!$F$5:$F$300,Торговля!$E$5:$E$300,$B15)+SUMIFS(Закрытые!$F$5:$F$300,Закрытые!$E$5:$E$300,$B15,Закрытые!$B$5:$B$300,"T-*")) | D15: =IF(C15="","",(SUMPRODUCT((Торговля!$E$5:$E$300=$B15)*Торговля!$F$5:$F$300*Торговля!$G$5:$G$300)+SUMPRODUCT((Закрытые!$E$5:$E$300=$B15)*(LEFT(Закрытые!$B$5:$B$300,2)="T-")*Закрытые!$F$5:$F$300*Закрытые!$G$5:$G$300))/C15) | E15: =IF(C15="","",SUMIFS(Торговля!$H$5:$H$300,Торговля!$E$5:$E$300,$B15)+SUMIFS(Закрытые!$H$5:$H$300,Закрытые!$E$5:$E$300,$B15,Закрытые!$B$5:$B$300,"T-*")) | F15: =IF(SUMIFS(Торговля!$I$5:$I$300,Торговля!$E$5:$E$300,$B15)+SUMIFS(Закрытые!$I$5:$I$300,Закрытые!$E$5:$E$300,$B15,Закрытые!$B$5:$B$300,"T-*")=0,"",SUMIFS(Торговля!$I$5:$I$300,Торговля!$E$5:$E$300,$B15)+SUMIFS(Закрытые!$I$5:$I$300,Закрытые!$E$5:$E$300,$B15,Закрытые!$B$5:$B$300,"T-*")) | G15: =IF(F15="","",(SUMPRODUCT((Торговля!$E$5:$E$300=$B15)*Торговля!$I$5:$I$300*Торговля!$J$5:$J$300)+SUMPRODUCT((Закрытые!$E$5:$E$300=$B15)*(LEFT(Закрытые!$B$5:$B$300,2)="T-")*Закрытые!$I$5:$I$300*Закрытые!$J$5:$J$300))/F15) | H15: =IF(F15="","",SUMIFS(Торговля!$K$5:$K$300,Торговля!$E$5:$E$300,$B15)+SUMIFS(Закрытые!$K$5:$K$300,Закрытые!$E$5:$E$300,$B15,Закрытые!$B$5:$B$300,"T-*")) | I15: =IF($B15="","",IF(COUNTIFS(Торговля!$E$5:$E$300,$B15)+COUNTIFS(Закрытые!$E$5:$E$300,$B15,Закрытые!$B$5:$B$300,"T-*")=0,"",ROUND(SUMIFS(Торговля!$L$5:$L$300,Торговля!$E$5:$E$300,$B15)+SUMIFS(Закрытые!$L$5:$L$300,Закрытые!$E$5:$E$300,$B15,Закрытые!$B$5:$B$300,"T-*"),8))) | J15: =IF($B15="","",IF(COUNTIFS(Торговля!$E$5:$E$300,$B15)+COUNTIFS(Закрытые!$E$5:$E$300,$B15,Закрытые!$B$5:$B$300,"T-*")=0,"",ROUND(SUMIFS(Торговля!$M$5:$M$300,Торговля!$E$5:$E$300,$B15)+SUMIFS(Закрытые!$M$5:$M$300,Закрытые!$E$5:$E$300,$B15,Закрытые!$B$5:$B$300,"T-*"),8))) | K15: =IF($B15="","",ROUND(SUMIFS(Закрытые!$N$5:$N$300,Закрытые!$E$5:$E$300,$B15,Закрытые!$B$5:$B$300,"T-*"),8)) | L15: =IF(K15="","",IF(SUMPRODUCT((Закрытые!$E$5:$E$300=$B15)*(LEFT(Закрытые!$B$5:$B$300,2)="T-")*(COUNTIF(Торговля!$B$5:$B$300,Закрытые!$B$5:$B$300)=0)*((Закрытые!$F$5:$F$300+Закрытые!$I$5:$I$300-ABS(Закрытые!$F$5:$F$300-Закрытые!$I$5:$I$300))/2)*Закрытые!$G$5:$G$300)<=0,0,ROUND(K15/SUMPRODUCT((Закрытые!$E$5:$E$300=$B15)*(LEFT(Закрытые!$B$5:$B$300,2)="T-")*(COUNTIF(Торговля!$B$5:$B$300,Закрытые!$B$5:$B$300)=0)*((Закрытые!$F$5:$F$300+Закрытые!$I$5:$I$300-ABS(Закрытые!$F$5:$F$300-Закрытые!$I$5:$I$300))/2)*Закрытые!$G$5:$G$300)*100,2))) | M15: =IF(OR(ROUND(N(C15)-N(F15),8)=0,1-N(Ввод!$E$17)/100<=0),"",IF(N(C15)>N(F15),(N(E15)-N(H15))/((N(C15)-N(F15))*(1-N(Ввод!$E$17)/100)),(N(H15)-N(E15))/((N(F15)-N(C15))*(1+N(Ввод!$E$17)/100))))
B16: ETH/BTC | C16: =IF(SUMIFS(Торговля!$F$5:$F$300,Торговля!$E$5:$E$300,$B16)+SUMIFS(Закрытые!$F$5:$F$300,Закрытые!$E$5:$E$300,$B16,Закрытые!$B$5:$B$300,"T-*")=0,"",SUMIFS(Торговля!$F$5:$F$300,Торговля!$E$5:$E$300,$B16)+SUMIFS(Закрытые!$F$5:$F$300,Закрытые!$E$5:$E$300,$B16,Закрытые!$B$5:$B$300,"T-*")) | D16: =IF(C16="","",(SUMPRODUCT((Торговля!$E$5:$E$300=$B16)*Торговля!$F$5:$F$300*Торговля!$G$5:$G$300)+SUMPRODUCT((Закрытые!$E$5:$E$300=$B16)*(LEFT(Закрытые!$B$5:$B$300,2)="T-")*Закрытые!$F$5:$F$300*Закрытые!$G$5:$G$300))/C16) | E16: =IF(C16="","",SUMIFS(Торговля!$H$5:$H$300,Торговля!$E$5:$E$300,$B16)+SUMIFS(Закрытые!$H$5:$H$300,Закрытые!$E$5:$E$300,$B16,Закрытые!$B$5:$B$300,"T-*")) | F16: =IF(SUMIFS(Торговля!$I$5:$I$300,Торговля!$E$5:$E$300,$B16)+SUMIFS(Закрытые!$I$5:$I$300,Закрытые!$E$5:$E$300,$B16,Закрытые!$B$5:$B$300,"T-*")=0,"",SUMIFS(Торговля!$I$5:$I$300,Торговля!$E$5:$E$300,$B16)+SUMIFS(Закрытые!$I$5:$I$300,Закрытые!$E$5:$E$300,$B16,Закрытые!$B$5:$B$300,"T-*")) | G16: =IF(F16="","",(SUMPRODUCT((Торговля!$E$5:$E$300=$B16)*Торговля!$I$5:$I$300*Торговля!$J$5:$J$300)+SUMPRODUCT((Закрытые!$E$5:$E$300=$B16)*(LEFT(Закрытые!$B$5:$B$300,2)="T-")*Закрытые!$I$5:$I$300*Закрытые!$J$5:$J$300))/F16) | H16: =IF(F16="","",SUMIFS(Торговля!$K$5:$K$300,Торговля!$E$5:$E$300,$B16)+SUMIFS(Закрытые!$K$5:$K$300,Закрытые!$E$5:$E$300,$B16,Закрытые!$B$5:$B$300,"T-*")) | I16: =IF($B16="","",IF(COUNTIFS(Торговля!$E$5:$E$300,$B16)+COUNTIFS(Закрытые!$E$5:$E$300,$B16,Закрытые!$B$5:$B$300,"T-*")=0,"",ROUND(SUMIFS(Торговля!$L$5:$L$300,Торговля!$E$5:$E$300,$B16)+SUMIFS(Закрытые!$L$5:$L$300,Закрытые!$E$5:$E$300,$B16,Закрытые!$B$5:$B$300,"T-*"),8))) | J16: =IF($B16="","",IF(COUNTIFS(Торговля!$E$5:$E$300,$B16)+COUNTIFS(Закрытые!$E$5:$E$300,$B16,Закрытые!$B$5:$B$300,"T-*")=0,"",ROUND(SUMIFS(Торговля!$M$5:$M$300,Торговля!$E$5:$E$300,$B16)+SUMIFS(Закрытые!$M$5:$M$300,Закрытые!$E$5:$E$300,$B16,Закрытые!$B$5:$B$300,"T-*"),8))) | K16: =IF($B16="","",ROUND(SUMIFS(Закрытые!$N$5:$N$300,Закрытые!$E$5:$E$300,$B16,Закрытые!$B$5:$B$300,"T-*"),8)) | L16: =IF(K16="","",IF(SUMPRODUCT((Закрытые!$E$5:$E$300=$B16)*(LEFT(Закрытые!$B$5:$B$300,2)="T-")*(COUNTIF(Торговля!$B$5:$B$300,Закрытые!$B$5:$B$300)=0)*((Закрытые!$F$5:$F$300+Закрытые!$I$5:$I$300-ABS(Закрытые!$F$5:$F$300-Закрытые!$I$5:$I$300))/2)*Закрытые!$G$5:$G$300)<=0,0,ROUND(K16/SUMPRODUCT((Закрытые!$E$5:$E$300=$B16)*(LEFT(Закрытые!$B$5:$B$300,2)="T-")*(COUNTIF(Торговля!$B$5:$B$300,Закрытые!$B$5:$B$300)=0)*((Закрытые!$F$5:$F$300+Закрытые!$I$5:$I$300-ABS(Закрытые!$F$5:$F$300-Закрытые!$I$5:$I$300))/2)*Закрытые!$G$5:$G$300)*100,2))) | M16: =IF(OR(ROUND(N(C16)-N(F16),8)=0,1-N(Ввод!$E$17)/100<=0),"",IF(N(C16)>N(F16),(N(E16)-N(H16))/((N(C16)-N(F16))*(1-N(Ввод!$E$17)/100)),(N(H16)-N(E16))/((N(F16)-N(C16))*(1+N(Ввод!$E$17)/100))))
... B22: XRP/USDT | C22: =IF(SUMIFS(Торговля!$F$5:$F$300,Торговля!$E$5:$E$300,$B22)+SUMIFS(Закрытые!$F$5:$F$300,Закрытые!$E$5:$E$300,$B22,Закрытые!$B$5:$B$300,"T-*")=0,"",SUMIFS(Торговля!$F$5:$F$300,Торговля!$E$5:$E$300,$B22)+SUMIFS(Закрытые!$F$5:$F$300,Закрытые!$E$5:$E$300,$B22,Закрытые!$B$5:$B$300,"T-*")) | D22: =IF(C22="","",(SUMPRODUCT((Торговля!$E$5:$E$300=$B22)*Торговля!$F$5:$F$300*Торговля!$G$5:$G$300)+SUMPRODUCT((Закрытые!$E$5:$E$300=$B22)*(LEFT(Закрытые!$B$5:$B$300,2)="T-")*Закрытые!$F$5:$F$300*Закрытые!$G$5:$G$300))/C22) | E22: =IF(C22="","",SUMIFS(Торговля!$H$5:$H$300,Торговля!$E$5:$E$300,$B22)+SUMIFS(Закрытые!$H$5:$H$300,Закрытые!$E$5:$E$300,$B22,Закрытые!$B$5:$B$300,"T-*")) | F22: =IF(SUMIFS(Торговля!$I$5:$I$300,Торговля!$E$5:$E$300,$B22)+SUMIFS(Закрытые!$I$5:$I$300,Закрытые!$E$5:$E$300,$B22,Закрытые!$B$5:$B$300,"T-*")=0,"",SUMIFS(Торговля!$I$5:$I$300,Торговля!$E$5:$E$300,$B22)+SUMIFS(Закрытые!$I$5:$I$300,Закрытые!$E$5:$E$300,$B22,Закрытые!$B$5:$B$300,"T-*")) | G22: =IF(F22="","",(SUMPRODUCT((Торговля!$E$5:$E$300=$B22)*Торговля!$I$5:$I$300*Торговля!$J$5:$J$300)+SUMPRODUCT((Закрытые!$E$5:$E$300=$B22)*(LEFT(Закрытые!$B$5:$B$300,2)="T-")*Закрытые!$I$5:$I$300*Закрытые!$J$5:$J$300))/F22) | H22: =IF(F22="","",SUMIFS(Торговля!$K$5:$K$300,Торговля!$E$5:$E$300,$B22)+SUMIFS(Закрытые!$K$5:$K$300,Закрытые!$E$5:$E$300,$B22,Закрытые!$B$5:$B$300,"T-*")) | I22: =IF($B22="","",IF(COUNTIFS(Торговля!$E$5:$E$300,$B22)+COUNTIFS(Закрытые!$E$5:$E$300,$B22,Закрытые!$B$5:$B$300,"T-*")=0,"",ROUND(SUMIFS(Торговля!$L$5:$L$300,Торговля!$E$5:$E$300,$B22)+SUMIFS(Закрытые!$L$5:$L$300,Закрытые!$E$5:$E$300,$B22,Закрытые!$B$5:$B$300,"T-*"),8))) | J22: =IF($B22="","",IF(COUNTIFS(Торговля!$E$5:$E$300,$B22)+COUNTIFS(Закрытые!$E$5:$E$300,$B22,Закрытые!$B$5:$B$300,"T-*")=0,"",ROUND(SUMIFS(Торговля!$M$5:$M$300,Торговля!$E$5:$E$300,$B22)+SUMIFS(Закрытые!$M$5:$M$300,Закрытые!$E$5:$E$300,$B22,Закрытые!$B$5:$B$300,"T-*"),8))) | K22: =IF($B22="","",ROUND(SUMIFS(Закрытые!$N$5:$N$300,Закрытые!$E$5:$E$300,$B22,Закрытые!$B$5:$B$300,"T-*"),8)) | L22: =IF(K22="","",IF(SUMPRODUCT((Закрытые!$E$5:$E$300=$B22)*(LEFT(Закрытые!$B$5:$B$300,2)="T-")*(COUNTIF(Торговля!$B$5:$B$300,Закрытые!$B$5:$B$300)=0)*((Закрытые!$F$5:$F$300+Закрытые!$I$5:$I$300-ABS(Закрытые!$F$5:$F$300-Закрытые!$I$5:$I$300))/2)*Закрытые!$G$5:$G$300)<=0,0,ROUND(K22/SUMPRODUCT((Закрытые!$E$5:$E$300=$B22)*(LEFT(Закрытые!$B$5:$B$300,2)="T-")*(COUNTIF(Торговля!$B$5:$B$300,Закрытые!$B$5:$B$300)=0)*((Закрытые!$F$5:$F$300+Закрытые!$I$5:$I$300-ABS(Закрытые!$F$5:$F$300-Закрытые!$I$5:$I$300))/2)*Закрытые!$G$5:$G$300)*100,2))) | M22: =IF(OR(ROUND(N(C22)-N(F22),8)=0,1-N(Ввод!$E$17)/100<=0),"",IF(N(C22)>N(F22),(N(E22)-N(H22))/((N(C22)-N(F22))*(1-N(Ввод!$E$17)/100)),(N(H22)-N(E22))/((N(F22)-N(C22))*(1+N(Ввод!$E$17)/100))))
C23: =IF(SUMIFS(Торговля!$F$5:$F$300,Торговля!$E$5:$E$300,$B23)+SUMIFS(Закрытые!$F$5:$F$300,Закрытые!$E$5:$E$300,$B23,Закрытые!$B$5:$B$300,"T-*")=0,"",SUMIFS(Торговля!$F$5:$F$300,Торговля!$E$5:$E$300,$B23)+SUMIFS(Закрытые!$F$5:$F$300,Закрытые!$E$5:$E$300,$B23,Закрытые!$B$5:$B$300,"T-*")) | D23: =IF(C23="","",(SUMPRODUCT((Торговля!$E$5:$E$300=$B23)*Торговля!$F$5:$F$300*Торговля!$G$5:$G$300)+SUMPRODUCT((Закрытые!$E$5:$E$300=$B23)*(LEFT(Закрытые!$B$5:$B$300,2)="T-")*Закрытые!$F$5:$F$300*Закрытые!$G$5:$G$300))/C23) | E23: =IF(C23="","",SUMIFS(Торговля!$H$5:$H$300,Торговля!$E$5:$E$300,$B23)+SUMIFS(Закрытые!$H$5:$H$300,Закрытые!$E$5:$E$300,$B23,Закрытые!$B$5:$B$300,"T-*")) | F23: =IF(SUMIFS(Торговля!$I$5:$I$300,Торговля!$E$5:$E$300,$B23)+SUMIFS(Закрытые!$I$5:$I$300,Закрытые!$E$5:$E$300,$B23,Закрытые!$B$5:$B$300,"T-*")=0,"",SUMIFS(Торговля!$I$5:$I$300,Торговля!$E$5:$E$300,$B23)+SUMIFS(Закрытые!$I$5:$I$300,Закрытые!$E$5:$E$300,$B23,Закрытые!$B$5:$B$300,"T-*")) | G23: =IF(F23="","",(SUMPRODUCT((Торговля!$E$5:$E$300=$B23)*Торговля!$I$5:$I$300*Торговля!$J$5:$J$300)+SUMPRODUCT((Закрытые!$E$5:$E$300=$B23)*(LEFT(Закрытые!$B$5:$B$300,2)="T-")*Закрытые!$I$5:$I$300*Закрытые!$J$5:$J$300))/F23) | H23: =IF(F23="","",SUMIFS(Торговля!$K$5:$K$300,Торговля!$E$5:$E$300,$B23)+SUMIFS(Закрытые!$K$5:$K$300,Закрытые!$E$5:$E$300,$B23,Закрытые!$B$5:$B$300,"T-*")) | I23: =IF($B23="","",IF(COUNTIFS(Торговля!$E$5:$E$300,$B23)+COUNTIFS(Закрытые!$E$5:$E$300,$B23,Закрытые!$B$5:$B$300,"T-*")=0,"",ROUND(SUMIFS(Торговля!$L$5:$L$300,Торговля!$E$5:$E$300,$B23)+SUMIFS(Закрытые!$L$5:$L$300,Закрытые!$E$5:$E$300,$B23,Закрытые!$B$5:$B$300,"T-*"),8))) | J23: =IF($B23="","",IF(COUNTIFS(Торговля!$E$5:$E$300,$B23)+COUNTIFS(Закрытые!$E$5:$E$300,$B23,Закрытые!$B$5:$B$300,"T-*")=0,"",ROUND(SUMIFS(Торговля!$M$5:$M$300,Торговля!$E$5:$E$300,$B23)+SUMIFS(Закрытые!$M$5:$M$300,Закрытые!$E$5:$E$300,$B23,Закрытые!$B$5:$B$300,"T-*"),8))) | K23: =IF($B23="","",ROUND(SUMIFS(Закрытые!$N$5:$N$300,Закрытые!$E$5:$E$300,$B23,Закрытые!$B$5:$B$300,"T-*"),8)) | L23: =IF(K23="","",IF(SUMPRODUCT((Закрытые!$E$5:$E$300=$B23)*(LEFT(Закрытые!$B$5:$B$300,2)="T-")*(COUNTIF(Торговля!$B$5:$B$300,Закрытые!$B$5:$B$300)=0)*((Закрытые!$F$5:$F$300+Закрытые!$I$5:$I$300-ABS(Закрытые!$F$5:$F$300-Закрытые!$I$5:$I$300))/2)*Закрытые!$G$5:$G$300)<=0,0,ROUND(K23/SUMPRODUCT((Закрытые!$E$5:$E$300=$B23)*(LEFT(Закрытые!$B$5:$B$300,2)="T-")*(COUNTIF(Торговля!$B$5:$B$300,Закрытые!$B$5:$B$300)=0)*((Закрытые!$F$5:$F$300+Закрытые!$I$5:$I$300-ABS(Закрытые!$F$5:$F$300-Закрытые!$I$5:$I$300))/2)*Закрытые!$G$5:$G$300)*100,2))) | M23: =IF(OR(ROUND(N(C23)-N(F23),8)=0,1-N(Ввод!$E$17)/100<=0),"",IF(N(C23)>N(F23),(N(E23)-N(H23))/((N(C23)-N(F23))*(1-N(Ввод!$E$17)/100)),(N(H23)-N(E23))/((N(F23)-N(C23))*(1+N(Ввод!$E$17)/100))))
C24: =IF(SUMIFS(Торговля!$F$5:$F$300,Торговля!$E$5:$E$300,$B24)+SUMIFS(Закрытые!$F$5:$F$300,Закрытые!$E$5:$E$300,$B24,Закрытые!$B$5:$B$300,"T-*")=0,"",SUMIFS(Торговля!$F$5:$F$300,Торговля!$E$5:$E$300,$B24)+SUMIFS(Закрытые!$F$5:$F$300,Закрытые!$E$5:$E$300,$B24,Закрытые!$B$5:$B$300,"T-*")) | D24: =IF(C24="","",(SUMPRODUCT((Торговля!$E$5:$E$300=$B24)*Торговля!$F$5:$F$300*Торговля!$G$5:$G$300)+SUMPRODUCT((Закрытые!$E$5:$E$300=$B24)*(LEFT(Закрытые!$B$5:$B$300,2)="T-")*Закрытые!$F$5:$F$300*Закрытые!$G$5:$G$300))/C24) | E24: =IF(C24="","",SUMIFS(Торговля!$H$5:$H$300,Торговля!$E$5:$E$300,$B24)+SUMIFS(Закрытые!$H$5:$H$300,Закрытые!$E$5:$E$300,$B24,Закрытые!$B$5:$B$300,"T-*")) | F24: =IF(SUMIFS(Торговля!$I$5:$I$300,Торговля!$E$5:$E$300,$B24)+SUMIFS(Закрытые!$I$5:$I$300,Закрытые!$E$5:$E$300,$B24,Закрытые!$B$5:$B$300,"T-*")=0,"",SUMIFS(Торговля!$I$5:$I$300,Торговля!$E$5:$E$300,$B24)+SUMIFS(Закрытые!$I$5:$I$300,Закрытые!$E$5:$E$300,$B24,Закрытые!$B$5:$B$300,"T-*")) | G24: =IF(F24="","",(SUMPRODUCT((Торговля!$E$5:$E$300=$B24)*Торговля!$I$5:$I$300*Торговля!$J$5:$J$300)+SUMPRODUCT((Закрытые!$E$5:$E$300=$B24)*(LEFT(Закрытые!$B$5:$B$300,2)="T-")*Закрытые!$I$5:$I$300*Закрытые!$J$5:$J$300))/F24) | H24: =IF(F24="","",SUMIFS(Торговля!$K$5:$K$300,Торговля!$E$5:$E$300,$B24)+SUMIFS(Закрытые!$K$5:$K$300,Закрытые!$E$5:$E$300,$B24,Закрытые!$B$5:$B$300,"T-*")) | I24: =IF($B24="","",IF(COUNTIFS(Торговля!$E$5:$E$300,$B24)+COUNTIFS(Закрытые!$E$5:$E$300,$B24,Закрытые!$B$5:$B$300,"T-*")=0,"",ROUND(SUMIFS(Торговля!$L$5:$L$300,Торговля!$E$5:$E$300,$B24)+SUMIFS(Закрытые!$L$5:$L$300,Закрытые!$E$5:$E$300,$B24,Закрытые!$B$5:$B$300,"T-*"),8))) | J24: =IF($B24="","",IF(COUNTIFS(Торговля!$E$5:$E$300,$B24)+COUNTIFS(Закрытые!$E$5:$E$300,$B24,Закрытые!$B$5:$B$300,"T-*")=0,"",ROUND(SUMIFS(Торговля!$M$5:$M$300,Торговля!$E$5:$E$300,$B24)+SUMIFS(Закрытые!$M$5:$M$300,Закрытые!$E$5:$E$300,$B24,Закрытые!$B$5:$B$300,"T-*"),8))) | K24: =IF($B24="","",ROUND(SUMIFS(Закрытые!$N$5:$N$300,Закрытые!$E$5:$E$300,$B24,Закрытые!$B$5:$B$300,"T-*"),8)) | L24: =IF(K24="","",IF(SUMPRODUCT((Закрытые!$E$5:$E$300=$B24)*(LEFT(Закрытые!$B$5:$B$300,2)="T-")*(COUNTIF(Торговля!$B$5:$B$300,Закрытые!$B$5:$B$300)=0)*((Закрытые!$F$5:$F$300+Закрытые!$I$5:$I$300-ABS(Закрытые!$F$5:$F$300-Закрытые!$I$5:$I$300))/2)*Закрытые!$G$5:$G$300)<=0,0,ROUND(K24/SUMPRODUCT((Закрытые!$E$5:$E$300=$B24)*(LEFT(Закрытые!$B$5:$B$300,2)="T-")*(COUNTIF(Торговля!$B$5:$B$300,Закрытые!$B$5:$B$300)=0)*((Закрытые!$F$5:$F$300+Закрытые!$I$5:$I$300-ABS(Закрытые!$F$5:$F$300-Закрытые!$I$5:$I$300))/2)*Закрытые!$G$5:$G$300)*100,2))) | M24: =IF(OR(ROUND(N(C24)-N(F24),8)=0,1-N(Ввод!$E$17)/100<=0),"",IF(N(C24)>N(F24),(N(E24)-N(H24))/((N(C24)-N(F24))*(1-N(Ввод!$E$17)/100)),(N(H24)-N(E24))/((N(F24)-N(C24))*(1+N(Ввод!$E$17)/100))))
C25: =IF(SUMIFS(Торговля!$F$5:$F$300,Торговля!$E$5:$E$300,$B25)+SUMIFS(Закрытые!$F$5:$F$300,Закрытые!$E$5:$E$300,$B25,Закрытые!$B$5:$B$300,"T-*")=0,"",SUMIFS(Торговля!$F$5:$F$300,Торговля!$E$5:$E$300,$B25)+SUMIFS(Закрытые!$F$5:$F$300,Закрытые!$E$5:$E$300,$B25,Закрытые!$B$5:$B$300,"T-*")) | D25: =IF(C25="","",(SUMPRODUCT((Торговля!$E$5:$E$300=$B25)*Торговля!$F$5:$F$300*Торговля!$G$5:$G$300)+SUMPRODUCT((Закрытые!$E$5:$E$300=$B25)*(LEFT(Закрытые!$B$5:$B$300,2)="T-")*Закрытые!$F$5:$F$300*Закрытые!$G$5:$G$300))/C25) | E25: =IF(C25="","",SUMIFS(Торговля!$H$5:$H$300,Торговля!$E$5:$E$300,$B25)+SUMIFS(Закрытые!$H$5:$H$300,Закрытые!$E$5:$E$300,$B25,Закрытые!$B$5:$B$300,"T-*")) | F25: =IF(SUMIFS(Торговля!$I$5:$I$300,Торговля!$E$5:$E$300,$B25)+SUMIFS(Закрытые!$I$5:$I$300,Закрытые!$E$5:$E$300,$B25,Закрытые!$B$5:$B$300,"T-*")=0,"",SUMIFS(Торговля!$I$5:$I$300,Торговля!$E$5:$E$300,$B25)+SUMIFS(Закрытые!$I$5:$I$300,Закрытые!$E$5:$E$300,$B25,Закрытые!$B$5:$B$300,"T-*")) | G25: =IF(F25="","",(SUMPRODUCT((Торговля!$E$5:$E$300=$B25)*Торговля!$I$5:$I$300*Торговля!$J$5:$J$300)+SUMPRODUCT((Закрытые!$E$5:$E$300=$B25)*(LEFT(Закрытые!$B$5:$B$300,2)="T-")*Закрытые!$I$5:$I$300*Закрытые!$J$5:$J$300))/F25) | H25: =IF(F25="","",SUMIFS(Торговля!$K$5:$K$300,Торговля!$E$5:$E$300,$B25)+SUMIFS(Закрытые!$K$5:$K$300,Закрытые!$E$5:$E$300,$B25,Закрытые!$B$5:$B$300,"T-*")) | I25: =IF($B25="","",IF(COUNTIFS(Торговля!$E$5:$E$300,$B25)+COUNTIFS(Закрытые!$E$5:$E$300,$B25,Закрытые!$B$5:$B$300,"T-*")=0,"",ROUND(SUMIFS(Торговля!$L$5:$L$300,Торговля!$E$5:$E$300,$B25)+SUMIFS(Закрытые!$L$5:$L$300,Закрытые!$E$5:$E$300,$B25,Закрытые!$B$5:$B$300,"T-*"),8))) | J25: =IF($B25="","",IF(COUNTIFS(Торговля!$E$5:$E$300,$B25)+COUNTIFS(Закрытые!$E$5:$E$300,$B25,Закрытые!$B$5:$B$300,"T-*")=0,"",ROUND(SUMIFS(Торговля!$M$5:$M$300,Торговля!$E$5:$E$300,$B25)+SUMIFS(Закрытые!$M$5:$M$300,Закрытые!$E$5:$E$300,$B25,Закрытые!$B$5:$B$300,"T-*"),8))) | K25: =IF($B25="","",ROUND(SUMIFS(Закрытые!$N$5:$N$300,Закрытые!$E$5:$E$300,$B25,Закрытые!$B$5:$B$300,"T-*"),8)) | L25: =IF(K25="","",IF(SUMPRODUCT((Закрытые!$E$5:$E$300=$B25)*(LEFT(Закрытые!$B$5:$B$300,2)="T-")*(COUNTIF(Торговля!$B$5:$B$300,Закрытые!$B$5:$B$300)=0)*((Закрытые!$F$5:$F$300+Закрытые!$I$5:$I$300-ABS(Закрытые!$F$5:$F$300-Закрытые!$I$5:$I$300))/2)*Закрытые!$G$5:$G$300)<=0,0,ROUND(K25/SUMPRODUCT((Закрытые!$E$5:$E$300=$B25)*(LEFT(Закрытые!$B$5:$B$300,2)="T-")*(COUNTIF(Торговля!$B$5:$B$300,Закрытые!$B$5:$B$300)=0)*((Закрытые!$F$5:$F$300+Закрытые!$I$5:$I$300-ABS(Закрытые!$F$5:$F$300-Закрытые!$I$5:$I$300))/2)*Закрытые!$G$5:$G$300)*100,2))) | M25: =IF(OR(ROUND(N(C25)-N(F25),8)=0,1-N(Ввод!$E$17)/100<=0),"",IF(N(C25)>N(F25),(N(E25)-N(H25))/((N(C25)-N(F25))*(1-N(Ввод!$E$17)/100)),(N(H25)-N(E25))/((N(F25)-N(C25))*(1+N(Ввод!$E$17)/100))))
C26: =IF(SUMIFS(Торговля!$F$5:$F$300,Торговля!$E$5:$E$300,$B26)+SUMIFS(Закрытые!$F$5:$F$300,Закрытые!$E$5:$E$300,$B26,Закрытые!$B$5:$B$300,"T-*")=0,"",SUMIFS(Торговля!$F$5:$F$300,Торговля!$E$5:$E$300,$B26)+SUMIFS(Закрытые!$F$5:$F$300,Закрытые!$E$5:$E$300,$B26,Закрытые!$B$5:$B$300,"T-*")) | D26: =IF(C26="","",(SUMPRODUCT((Торговля!$E$5:$E$300=$B26)*Торговля!$F$5:$F$300*Торговля!$G$5:$G$300)+SUMPRODUCT((Закрытые!$E$5:$E$300=$B26)*(LEFT(Закрытые!$B$5:$B$300,2)="T-")*Закрытые!$F$5:$F$300*Закрытые!$G$5:$G$300))/C26) | E26: =IF(C26="","",SUMIFS(Торговля!$H$5:$H$300,Торговля!$E$5:$E$300,$B26)+SUMIFS(Закрытые!$H$5:$H$300,Закрытые!$E$5:$E$300,$B26,Закрытые!$B$5:$B$300,"T-*")) | F26: =IF(SUMIFS(Торговля!$I$5:$I$300,Торговля!$E$5:$E$300,$B26)+SUMIFS(Закрытые!$I$5:$I$300,Закрытые!$E$5:$E$300,$B26,Закрытые!$B$5:$B$300,"T-*")=0,"",SUMIFS(Торговля!$I$5:$I$300,Торговля!$E$5:$E$300,$B26)+SUMIFS(Закрытые!$I$5:$I$300,Закрытые!$E$5:$E$300,$B26,Закрытые!$B$5:$B$300,"T-*")) | G26: =IF(F26="","",(SUMPRODUCT((Торговля!$E$5:$E$300=$B26)*Торговля!$I$5:$I$300*Торговля!$J$5:$J$300)+SUMPRODUCT((Закрытые!$E$5:$E$300=$B26)*(LEFT(Закрытые!$B$5:$B$300,2)="T-")*Закрытые!$I$5:$I$300*Закрытые!$J$5:$J$300))/F26) | H26: =IF(F26="","",SUMIFS(Торговля!$K$5:$K$300,Торговля!$E$5:$E$300,$B26)+SUMIFS(Закрытые!$K$5:$K$300,Закрытые!$E$5:$E$300,$B26,Закрытые!$B$5:$B$300,"T-*")) | I26: =IF($B26="","",IF(COUNTIFS(Торговля!$E$5:$E$300,$B26)+COUNTIFS(Закрытые!$E$5:$E$300,$B26,Закрытые!$B$5:$B$300,"T-*")=0,"",ROUND(SUMIFS(Торговля!$L$5:$L$300,Торговля!$E$5:$E$300,$B26)+SUMIFS(Закрытые!$L$5:$L$300,Закрытые!$E$5:$E$300,$B26,Закрытые!$B$5:$B$300,"T-*"),8))) | J26: =IF($B26="","",IF(COUNTIFS(Торговля!$E$5:$E$300,$B26)+COUNTIFS(Закрытые!$E$5:$E$300,$B26,Закрытые!$B$5:$B$300,"T-*")=0,"",ROUND(SUMIFS(Торговля!$M$5:$M$300,Торговля!$E$5:$E$300,$B26)+SUMIFS(Закрытые!$M$5:$M$300,Закрытые!$E$5:$E$300,$B26,Закрытые!$B$5:$B$300,"T-*"),8))) | K26: =IF($B26="","",ROUND(SUMIFS(Закрытые!$N$5:$N$300,Закрытые!$E$5:$E$300,$B26,Закрытые!$B$5:$B$300,"T-*"),8)) | L26: =IF(K26="","",IF(SUMPRODUCT((Закрытые!$E$5:$E$300=$B26)*(LEFT(Закрытые!$B$5:$B$300,2)="T-")*(COUNTIF(Торговля!$B$5:$B$300,Закрытые!$B$5:$B$300)=0)*((Закрытые!$F$5:$F$300+Закрытые!$I$5:$I$300-ABS(Закрытые!$F$5:$F$300-Закрытые!$I$5:$I$300))/2)*Закрытые!$G$5:$G$300)<=0,0,ROUND(K26/SUMPRODUCT((Закрытые!$E$5:$E$300=$B26)*(LEFT(Закрытые!$B$5:$B$300,2)="T-")*(COUNTIF(Торговля!$B$5:$B$300,Закрытые!$B$5:$B$300)=0)*((Закрытые!$F$5:$F$300+Закрытые!$I$5:$I$300-ABS(Закрытые!$F$5:$F$300-Закрытые!$I$5:$I$300))/2)*Закрытые!$G$5:$G$300)*100,2))) | M26: =IF(OR(ROUND(N(C26)-N(F26),8)=0,1-N(Ввод!$E$17)/100<=0),"",IF(N(C26)>N(F26),(N(E26)-N(H26))/((N(C26)-N(F26))*(1-N(Ввод!$E$17)/100)),(N(H26)-N(E26))/((N(F26)-N(C26))*(1+N(Ввод!$E$17)/100))))
C27: =IF(SUMIFS(Торговля!$F$5:$F$300,Торговля!$E$5:$E$300,$B27)+SUMIFS(Закрытые!$F$5:$F$300,Закрытые!$E$5:$E$300,$B27,Закрытые!$B$5:$B$300,"T-*")=0,"",SUMIFS(Торговля!$F$5:$F$300,Торговля!$E$5:$E$300,$B27)+SUMIFS(Закрытые!$F$5:$F$300,Закрытые!$E$5:$E$300,$B27,Закрытые!$B$5:$B$300,"T-*")) | D27: =IF(C27="","",(SUMPRODUCT((Торговля!$E$5:$E$300=$B27)*Торговля!$F$5:$F$300*Торговля!$G$5:$G$300)+SUMPRODUCT((Закрытые!$E$5:$E$300=$B27)*(LEFT(Закрытые!$B$5:$B$300,2)="T-")*Закрытые!$F$5:$F$300*Закрытые!$G$5:$G$300))/C27) | E27: =IF(C27="","",SUMIFS(Торговля!$H$5:$H$300,Торговля!$E$5:$E$300,$B27)+SUMIFS(Закрытые!$H$5:$H$300,Закрытые!$E$5:$E$300,$B27,Закрытые!$B$5:$B$300,"T-*")) | F27: =IF(SUMIFS(Торговля!$I$5:$I$300,Торговля!$E$5:$E$300,$B27)+SUMIFS(Закрытые!$I$5:$I$300,Закрытые!$E$5:$E$300,$B27,Закрытые!$B$5:$B$300,"T-*")=0,"",SUMIFS(Торговля!$I$5:$I$300,Торговля!$E$5:$E$300,$B27)+SUMIFS(Закрытые!$I$5:$I$300,Закрытые!$E$5:$E$300,$B27,Закрытые!$B$5:$B$300,"T-*")) | G27: =IF(F27="","",(SUMPRODUCT((Торговля!$E$5:$E$300=$B27)*Торговля!$I$5:$I$300*Торговля!$J$5:$J$300)+SUMPRODUCT((Закрытые!$E$5:$E$300=$B27)*(LEFT(Закрытые!$B$5:$B$300,2)="T-")*Закрытые!$I$5:$I$300*Закрытые!$J$5:$J$300))/F27) | H27: =IF(F27="","",SUMIFS(Торговля!$K$5:$K$300,Торговля!$E$5:$E$300,$B27)+SUMIFS(Закрытые!$K$5:$K$300,Закрытые!$E$5:$E$300,$B27,Закрытые!$B$5:$B$300,"T-*")) | I27: =IF($B27="","",IF(COUNTIFS(Торговля!$E$5:$E$300,$B27)+COUNTIFS(Закрытые!$E$5:$E$300,$B27,Закрытые!$B$5:$B$300,"T-*")=0,"",ROUND(SUMIFS(Торговля!$L$5:$L$300,Торговля!$E$5:$E$300,$B27)+SUMIFS(Закрытые!$L$5:$L$300,Закрытые!$E$5:$E$300,$B27,Закрытые!$B$5:$B$300,"T-*"),8))) | J27: =IF($B27="","",IF(COUNTIFS(Торговля!$E$5:$E$300,$B27)+COUNTIFS(Закрытые!$E$5:$E$300,$B27,Закрытые!$B$5:$B$300,"T-*")=0,"",ROUND(SUMIFS(Торговля!$M$5:$M$300,Торговля!$E$5:$E$300,$B27)+SUMIFS(Закрытые!$M$5:$M$300,Закрытые!$E$5:$E$300,$B27,Закрытые!$B$5:$B$300,"T-*"),8))) | K27: =IF($B27="","",ROUND(SUMIFS(Закрытые!$N$5:$N$300,Закрытые!$E$5:$E$300,$B27,Закрытые!$B$5:$B$300,"T-*"),8)) | L27: =IF(K27="","",IF(SUMPRODUCT((Закрытые!$E$5:$E$300=$B27)*(LEFT(Закрытые!$B$5:$B$300,2)="T-")*(COUNTIF(Торговля!$B$5:$B$300,Закрытые!$B$5:$B$300)=0)*((Закрытые!$F$5:$F$300+Закрытые!$I$5:$I$300-ABS(Закрытые!$F$5:$F$300-Закрытые!$I$5:$I$300))/2)*Закрытые!$G$5:$G$300)<=0,0,ROUND(K27/SUMPRODUCT((Закрытые!$E$5:$E$300=$B27)*(LEFT(Закрытые!$B$5:$B$300,2)="T-")*(COUNTIF(Торговля!$B$5:$B$300,Закрытые!$B$5:$B$300)=0)*((Закрытые!$F$5:$F$300+Закрытые!$I$5:$I$300-ABS(Закрытые!$F$5:$F$300-Закрытые!$I$5:$I$300))/2)*Закрытые!$G$5:$G$300)*100,2))) | M27: =IF(OR(ROUND(N(C27)-N(F27),8)=0,1-N(Ввод!$E$17)/100<=0),"",IF(N(C27)>N(F27),(N(E27)-N(H27))/((N(C27)-N(F27))*(1-N(Ввод!$E$17)/100)),(N(H27)-N(E27))/((N(F27)-N(C27))*(1+N(Ввод!$E$17)/100))))
C28: =IF(SUMIFS(Торговля!$F$5:$F$300,Торговля!$E$5:$E$300,$B28)+SUMIFS(Закрытые!$F$5:$F$300,Закрытые!$E$5:$E$300,$B28,Закрытые!$B$5:$B$300,"T-*")=0,"",SUMIFS(Торговля!$F$5:$F$300,Торговля!$E$5:$E$300,$B28)+SUMIFS(Закрытые!$F$5:$F$300,Закрытые!$E$5:$E$300,$B28,Закрытые!$B$5:$B$300,"T-*")) | D28: =IF(C28="","",(SUMPRODUCT((Торговля!$E$5:$E$300=$B28)*Торговля!$F$5:$F$300*Торговля!$G$5:$G$300)+SUMPRODUCT((Закрытые!$E$5:$E$300=$B28)*(LEFT(Закрытые!$B$5:$B$300,2)="T-")*Закрытые!$F$5:$F$300*Закрытые!$G$5:$G$300))/C28) | E28: =IF(C28="","",SUMIFS(Торговля!$H$5:$H$300,Торговля!$E$5:$E$300,$B28)+SUMIFS(Закрытые!$H$5:$H$300,Закрытые!$E$5:$E$300,$B28,Закрытые!$B$5:$B$300,"T-*")) | F28: =IF(SUMIFS(Торговля!$I$5:$I$300,Торговля!$E$5:$E$300,$B28)+SUMIFS(Закрытые!$I$5:$I$300,Закрытые!$E$5:$E$300,$B28,Закрытые!$B$5:$B$300,"T-*")=0,"",SUMIFS(Торговля!$I$5:$I$300,Торговля!$E$5:$E$300,$B28)+SUMIFS(Закрытые!$I$5:$I$300,Закрытые!$E$5:$E$300,$B28,Закрытые!$B$5:$B$300,"T-*")) | G28: =IF(F28="","",(SUMPRODUCT((Торговля!$E$5:$E$300=$B28)*Торговля!$I$5:$I$300*Торговля!$J$5:$J$300)+SUMPRODUCT((Закрытые!$E$5:$E$300=$B28)*(LEFT(Закрытые!$B$5:$B$300,2)="T-")*Закрытые!$I$5:$I$300*Закрытые!$J$5:$J$300))/F28) | H28: =IF(F28="","",SUMIFS(Торговля!$K$5:$K$300,Торговля!$E$5:$E$300,$B28)+SUMIFS(Закрытые!$K$5:$K$300,Закрытые!$E$5:$E$300,$B28,Закрытые!$B$5:$B$300,"T-*")) | I28: =IF($B28="","",IF(COUNTIFS(Торговля!$E$5:$E$300,$B28)+COUNTIFS(Закрытые!$E$5:$E$300,$B28,Закрытые!$B$5:$B$300,"T-*")=0,"",ROUND(SUMIFS(Торговля!$L$5:$L$300,Торговля!$E$5:$E$300,$B28)+SUMIFS(Закрытые!$L$5:$L$300,Закрытые!$E$5:$E$300,$B28,Закрытые!$B$5:$B$300,"T-*"),8))) | J28: =IF($B28="","",IF(COUNTIFS(Торговля!$E$5:$E$300,$B28)+COUNTIFS(Закрытые!$E$5:$E$300,$B28,Закрытые!$B$5:$B$300,"T-*")=0,"",ROUND(SUMIFS(Торговля!$M$5:$M$300,Торговля!$E$5:$E$300,$B28)+SUMIFS(Закрытые!$M$5:$M$300,Закрытые!$E$5:$E$300,$B28,Закрытые!$B$5:$B$300,"T-*"),8))) | K28: =IF($B28="","",ROUND(SUMIFS(Закрытые!$N$5:$N$300,Закрытые!$E$5:$E$300,$B28,Закрытые!$B$5:$B$300,"T-*"),8)) | L28: =IF(K28="","",IF(SUMPRODUCT((Закрытые!$E$5:$E$300=$B28)*(LEFT(Закрытые!$B$5:$B$300,2)="T-")*(COUNTIF(Торговля!$B$5:$B$300,Закрытые!$B$5:$B$300)=0)*((Закрытые!$F$5:$F$300+Закрытые!$I$5:$I$300-ABS(Закрытые!$F$5:$F$300-Закрытые!$I$5:$I$300))/2)*Закрытые!$G$5:$G$300)<=0,0,ROUND(K28/SUMPRODUCT((Закрытые!$E$5:$E$300=$B28)*(LEFT(Закрытые!$B$5:$B$300,2)="T-")*(COUNTIF(Торговля!$B$5:$B$300,Закрытые!$B$5:$B$300)=0)*((Закрытые!$F$5:$F$300+Закрытые!$I$5:$I$300-ABS(Закрытые!$F$5:$F$300-Закрытые!$I$5:$I$300))/2)*Закрытые!$G$5:$G$300)*100,2))) | M28: =IF(OR(ROUND(N(C28)-N(F28),8)=0,1-N(Ввод!$E$17)/100<=0),"",IF(N(C28)>N(F28),(N(E28)-N(H28))/((N(C28)-N(F28))*(1-N(Ввод!$E$17)/100)),(N(H28)-N(E28))/((N(F28)-N(C28))*(1+N(Ввод!$E$17)/100))))
C29: =IF(SUMIFS(Торговля!$F$5:$F$300,Торговля!$E$5:$E$300,$B29)+SUMIFS(Закрытые!$F$5:$F$300,Закрытые!$E$5:$E$300,$B29,Закрытые!$B$5:$B$300,"T-*")=0,"",SUMIFS(Торговля!$F$5:$F$300,Торговля!$E$5:$E$300,$B29)+SUMIFS(Закрытые!$F$5:$F$300,Закрытые!$E$5:$E$300,$B29,Закрытые!$B$5:$B$300,"T-*")) | D29: =IF(C29="","",(SUMPRODUCT((Торговля!$E$5:$E$300=$B29)*Торговля!$F$5:$F$300*Торговля!$G$5:$G$300)+SUMPRODUCT((Закрытые!$E$5:$E$300=$B29)*(LEFT(Закрытые!$B$5:$B$300,2)="T-")*Закрытые!$F$5:$F$300*Закрытые!$G$5:$G$300))/C29) | E29: =IF(C29="","",SUMIFS(Торговля!$H$5:$H$300,Торговля!$E$5:$E$300,$B29)+SUMIFS(Закрытые!$H$5:$H$300,Закрытые!$E$5:$E$300,$B29,Закрытые!$B$5:$B$300,"T-*")) | F29: =IF(SUMIFS(Торговля!$I$5:$I$300,Торговля!$E$5:$E$300,$B29)+SUMIFS(Закрытые!$I$5:$I$300,Закрытые!$E$5:$E$300,$B29,Закрытые!$B$5:$B$300,"T-*")=0,"",SUMIFS(Торговля!$I$5:$I$300,Торговля!$E$5:$E$300,$B29)+SUMIFS(Закрытые!$I$5:$I$300,Закрытые!$E$5:$E$300,$B29,Закрытые!$B$5:$B$300,"T-*")) | G29: =IF(F29="","",(SUMPRODUCT((Торговля!$E$5:$E$300=$B29)*Торговля!$I$5:$I$300*Торговля!$J$5:$J$300)+SUMPRODUCT((Закрытые!$E$5:$E$300=$B29)*(LEFT(Закрытые!$B$5:$B$300,2)="T-")*Закрытые!$I$5:$I$300*Закрытые!$J$5:$J$300))/F29) | H29: =IF(F29="","",SUMIFS(Торговля!$K$5:$K$300,Торговля!$E$5:$E$300,$B29)+SUMIFS(Закрытые!$K$5:$K$300,Закрытые!$E$5:$E$300,$B29,Закрытые!$B$5:$B$300,"T-*")) | I29: =IF($B29="","",IF(COUNTIFS(Торговля!$E$5:$E$300,$B29)+COUNTIFS(Закрытые!$E$5:$E$300,$B29,Закрытые!$B$5:$B$300,"T-*")=0,"",ROUND(SUMIFS(Торговля!$L$5:$L$300,Торговля!$E$5:$E$300,$B29)+SUMIFS(Закрытые!$L$5:$L$300,Закрытые!$E$5:$E$300,$B29,Закрытые!$B$5:$B$300,"T-*"),8))) | J29: =IF($B29="","",IF(COUNTIFS(Торговля!$E$5:$E$300,$B29)+COUNTIFS(Закрытые!$E$5:$E$300,$B29,Закрытые!$B$5:$B$300,"T-*")=0,"",ROUND(SUMIFS(Торговля!$M$5:$M$300,Торговля!$E$5:$E$300,$B29)+SUMIFS(Закрытые!$M$5:$M$300,Закрытые!$E$5:$E$300,$B29,Закрытые!$B$5:$B$300,"T-*"),8))) | K29: =IF($B29="","",ROUND(SUMIFS(Закрытые!$N$5:$N$300,Закрытые!$E$5:$E$300,$B29,Закрытые!$B$5:$B$300,"T-*"),8)) | L29: =IF(K29="","",IF(SUMPRODUCT((Закрытые!$E$5:$E$300=$B29)*(LEFT(Закрытые!$B$5:$B$300,2)="T-")*(COUNTIF(Торговля!$B$5:$B$300,Закрытые!$B$5:$B$300)=0)*((Закрытые!$F$5:$F$300+Закрытые!$I$5:$I$300-ABS(Закрытые!$F$5:$F$300-Закрытые!$I$5:$I$300))/2)*Закрытые!$G$5:$G$300)<=0,0,ROUND(K29/SUMPRODUCT((Закрытые!$E$5:$E$300=$B29)*(LEFT(Закрытые!$B$5:$B$300,2)="T-")*(COUNTIF(Торговля!$B$5:$B$300,Закрытые!$B$5:$B$300)=0)*((Закрытые!$F$5:$F$300+Закрытые!$I$5:$I$300-ABS(Закрытые!$F$5:$F$300-Закрытые!$I$5:$I$300))/2)*Закрытые!$G$5:$G$300)*100,2))) | M29: =IF(OR(ROUND(N(C29)-N(F29),8)=0,1-N(Ввод!$E$17)/100<=0),"",IF(N(C29)>N(F29),(N(E29)-N(H29))/((N(C29)-N(F29))*(1-N(Ввод!$E$17)/100)),(N(H29)-N(E29))/((N(F29)-N(C29))*(1+N(Ввод!$E$17)/100))))
C30: =IF(SUMIFS(Торговля!$F$5:$F$300,Торговля!$E$5:$E$300,$B30)+SUMIFS(Закрытые!$F$5:$F$300,Закрытые!$E$5:$E$300,$B30,Закрытые!$B$5:$B$300,"T-*")=0,"",SUMIFS(Торговля!$F$5:$F$300,Торговля!$E$5:$E$300,$B30)+SUMIFS(Закрытые!$F$5:$F$300,Закрытые!$E$5:$E$300,$B30,Закрытые!$B$5:$B$300,"T-*")) | D30: =IF(C30="","",(SUMPRODUCT((Торговля!$E$5:$E$300=$B30)*Торговля!$F$5:$F$300*Торговля!$G$5:$G$300)+SUMPRODUCT((Закрытые!$E$5:$E$300=$B30)*(LEFT(Закрытые!$B$5:$B$300,2)="T-")*Закрытые!$F$5:$F$300*Закрытые!$G$5:$G$300))/C30) | E30: =IF(C30="","",SUMIFS(Торговля!$H$5:$H$300,Торговля!$E$5:$E$300,$B30)+SUMIFS(Закрытые!$H$5:$H$300,Закрытые!$E$5:$E$300,$B30,Закрытые!$B$5:$B$300,"T-*")) | F30: =IF(SUMIFS(Торговля!$I$5:$I$300,Торговля!$E$5:$E$300,$B30)+SUMIFS(Закрытые!$I$5:$I$300,Закрытые!$E$5:$E$300,$B30,Закрытые!$B$5:$B$300,"T-*")=0,"",SUMIFS(Торговля!$I$5:$I$300,Торговля!$E$5:$E$300,$B30)+SUMIFS(Закрытые!$I$5:$I$300,Закрытые!$E$5:$E$300,$B30,Закрытые!$B$5:$B$300,"T-*")) | G30: =IF(F30="","",(SUMPRODUCT((Торговля!$E$5:$E$300=$B30)*Торговля!$I$5:$I$300*Торговля!$J$5:$J$300)+SUMPRODUCT((Закрытые!$E$5:$E$300=$B30)*(LEFT(Закрытые!$B$5:$B$300,2)="T-")*Закрытые!$I$5:$I$300*Закрытые!$J$5:$J$300))/F30) | H30: =IF(F30="","",SUMIFS(Торговля!$K$5:$K$300,Торговля!$E$5:$E$300,$B30)+SUMIFS(Закрытые!$K$5:$K$300,Закрытые!$E$5:$E$300,$B30,Закрытые!$B$5:$B$300,"T-*")) | I30: =IF($B30="","",IF(COUNTIFS(Торговля!$E$5:$E$300,$B30)+COUNTIFS(Закрытые!$E$5:$E$300,$B30,Закрытые!$B$5:$B$300,"T-*")=0,"",ROUND(SUMIFS(Торговля!$L$5:$L$300,Торговля!$E$5:$E$300,$B30)+SUMIFS(Закрытые!$L$5:$L$300,Закрытые!$E$5:$E$300,$B30,Закрытые!$B$5:$B$300,"T-*"),8))) | J30: =IF($B30="","",IF(COUNTIFS(Торговля!$E$5:$E$300,$B30)+COUNTIFS(Закрытые!$E$5:$E$300,$B30,Закрытые!$B$5:$B$300,"T-*")=0,"",ROUND(SUMIFS(Торговля!$M$5:$M$300,Торговля!$E$5:$E$300,$B30)+SUMIFS(Закрытые!$M$5:$M$300,Закрытые!$E$5:$E$300,$B30,Закрытые!$B$5:$B$300,"T-*"),8))) | K30: =IF($B30="","",ROUND(SUMIFS(Закрытые!$N$5:$N$300,Закрытые!$E$5:$E$300,$B30,Закрытые!$B$5:$B$300,"T-*"),8)) | L30: =IF(K30="","",IF(SUMPRODUCT((Закрытые!$E$5:$E$300=$B30)*(LEFT(Закрытые!$B$5:$B$300,2)="T-")*(COUNTIF(Торговля!$B$5:$B$300,Закрытые!$B$5:$B$300)=0)*((Закрытые!$F$5:$F$300+Закрытые!$I$5:$I$300-ABS(Закрытые!$F$5:$F$300-Закрытые!$I$5:$I$300))/2)*Закрытые!$G$5:$G$300)<=0,0,ROUND(K30/SUMPRODUCT((Закрытые!$E$5:$E$300=$B30)*(LEFT(Закрытые!$B$5:$B$300,2)="T-")*(COUNTIF(Торговля!$B$5:$B$300,Закрытые!$B$5:$B$300)=0)*((Закрытые!$F$5:$F$300+Закрытые!$I$5:$I$300-ABS(Закрытые!$F$5:$F$300-Закрытые!$I$5:$I$300))/2)*Закрытые!$G$5:$G$300)*100,2))) | M30: =IF(OR(ROUND(N(C30)-N(F30),8)=0,1-N(Ввод!$E$17)/100<=0),"",IF(N(C30)>N(F30),(N(E30)-N(H30))/((N(C30)-N(F30))*(1-N(Ввод!$E$17)/100)),(N(H30)-N(E30))/((N(F30)-N(C30))*(1+N(Ввод!$E$17)/100))))
C31: =IF(SUMIFS(Торговля!$F$5:$F$300,Торговля!$E$5:$E$300,$B31)+SUMIFS(Закрытые!$F$5:$F$300,Закрытые!$E$5:$E$300,$B31,Закрытые!$B$5:$B$300,"T-*")=0,"",SUMIFS(Торговля!$F$5:$F$300,Торговля!$E$5:$E$300,$B31)+SUMIFS(Закрытые!$F$5:$F$300,Закрытые!$E$5:$E$300,$B31,Закрытые!$B$5:$B$300,"T-*")) | D31: =IF(C31="","",(SUMPRODUCT((Торговля!$E$5:$E$300=$B31)*Торговля!$F$5:$F$300*Торговля!$G$5:$G$300)+SUMPRODUCT((Закрытые!$E$5:$E$300=$B31)*(LEFT(Закрытые!$B$5:$B$300,2)="T-")*Закрытые!$F$5:$F$300*Закрытые!$G$5:$G$300))/C31) | E31: =IF(C31="","",SUMIFS(Торговля!$H$5:$H$300,Торговля!$E$5:$E$300,$B31)+SUMIFS(Закрытые!$H$5:$H$300,Закрытые!$E$5:$E$300,$B31,Закрытые!$B$5:$B$300,"T-*")) | F31: =IF(SUMIFS(Торговля!$I$5:$I$300,Торговля!$E$5:$E$300,$B31)+SUMIFS(Закрытые!$I$5:$I$300,Закрытые!$E$5:$E$300,$B31,Закрытые!$B$5:$B$300,"T-*")=0,"",SUMIFS(Торговля!$I$5:$I$300,Торговля!$E$5:$E$300,$B31)+SUMIFS(Закрытые!$I$5:$I$300,Закрытые!$E$5:$E$300,$B31,Закрытые!$B$5:$B$300,"T-*")) | G31: =IF(F31="","",(SUMPRODUCT((Торговля!$E$5:$E$300=$B31)*Торговля!$I$5:$I$300*Торговля!$J$5:$J$300)+SUMPRODUCT((Закрытые!$E$5:$E$300=$B31)*(LEFT(Закрытые!$B$5:$B$300,2)="T-")*Закрытые!$I$5:$I$300*Закрытые!$J$5:$J$300))/F31) | H31: =IF(F31="","",SUMIFS(Торговля!$K$5:$K$300,Торговля!$E$5:$E$300,$B31)+SUMIFS(Закрытые!$K$5:$K$300,Закрытые!$E$5:$E$300,$B31,Закрытые!$B$5:$B$300,"T-*")) | I31: =IF($B31="","",IF(COUNTIFS(Торговля!$E$5:$E$300,$B31)+COUNTIFS(Закрытые!$E$5:$E$300,$B31,Закрытые!$B$5:$B$300,"T-*")=0,"",ROUND(SUMIFS(Торговля!$L$5:$L$300,Торговля!$E$5:$E$300,$B31)+SUMIFS(Закрытые!$L$5:$L$300,Закрытые!$E$5:$E$300,$B31,Закрытые!$B$5:$B$300,"T-*"),8))) | J31: =IF($B31="","",IF(COUNTIFS(Торговля!$E$5:$E$300,$B31)+COUNTIFS(Закрытые!$E$5:$E$300,$B31,Закрытые!$B$5:$B$300,"T-*")=0,"",ROUND(SUMIFS(Торговля!$M$5:$M$300,Торговля!$E$5:$E$300,$B31)+SUMIFS(Закрытые!$M$5:$M$300,Закрытые!$E$5:$E$300,$B31,Закрытые!$B$5:$B$300,"T-*"),8))) | K31: =IF($B31="","",ROUND(SUMIFS(Закрытые!$N$5:$N$300,Закрытые!$E$5:$E$300,$B31,Закрытые!$B$5:$B$300,"T-*"),8)) | L31: =IF(K31="","",IF(SUMPRODUCT((Закрытые!$E$5:$E$300=$B31)*(LEFT(Закрытые!$B$5:$B$300,2)="T-")*(COUNTIF(Торговля!$B$5:$B$300,Закрытые!$B$5:$B$300)=0)*((Закрытые!$F$5:$F$300+Закрытые!$I$5:$I$300-ABS(Закрытые!$F$5:$F$300-Закрытые!$I$5:$I$300))/2)*Закрытые!$G$5:$G$300)<=0,0,ROUND(K31/SUMPRODUCT((Закрытые!$E$5:$E$300=$B31)*(LEFT(Закрытые!$B$5:$B$300,2)="T-")*(COUNTIF(Торговля!$B$5:$B$300,Закрытые!$B$5:$B$300)=0)*((Закрытые!$F$5:$F$300+Закрытые!$I$5:$I$300-ABS(Закрытые!$F$5:$F$300-Закрытые!$I$5:$I$300))/2)*Закрытые!$G$5:$G$300)*100,2))) | M31: =IF(OR(ROUND(N(C31)-N(F31),8)=0,1-N(Ввод!$E$17)/100<=0),"",IF(N(C31)>N(F31),(N(E31)-N(H31))/((N(C31)-N(F31))*(1-N(Ввод!$E$17)/100)),(N(H31)-N(E31))/((N(F31)-N(C31))*(1+N(Ввод!$E$17)/100))))
C32: =IF(SUMIFS(Торговля!$F$5:$F$300,Торговля!$E$5:$E$300,$B32)+SUMIFS(Закрытые!$F$5:$F$300,Закрытые!$E$5:$E$300,$B32,Закрытые!$B$5:$B$300,"T-*")=0,"",SUMIFS(Торговля!$F$5:$F$300,Торговля!$E$5:$E$300,$B32)+SUMIFS(Закрытые!$F$5:$F$300,Закрытые!$E$5:$E$300,$B32,Закрытые!$B$5:$B$300,"T-*")) | D32: =IF(C32="","",(SUMPRODUCT((Торговля!$E$5:$E$300=$B32)*Торговля!$F$5:$F$300*Торговля!$G$5:$G$300)+SUMPRODUCT((Закрытые!$E$5:$E$300=$B32)*(LEFT(Закрытые!$B$5:$B$300,2)="T-")*Закрытые!$F$5:$F$300*Закрытые!$G$5:$G$300))/C32) | E32: =IF(C32="","",SUMIFS(Торговля!$H$5:$H$300,Торговля!$E$5:$E$300,$B32)+SUMIFS(Закрытые!$H$5:$H$300,Закрытые!$E$5:$E$300,$B32,Закрытые!$B$5:$B$300,"T-*")) | F32: =IF(SUMIFS(Торговля!$I$5:$I$300,Торговля!$E$5:$E$300,$B32)+SUMIFS(Закрытые!$I$5:$I$300,Закрытые!$E$5:$E$300,$B32,Закрытые!$B$5:$B$300,"T-*")=0,"",SUMIFS(Торговля!$I$5:$I$300,Торговля!$E$5:$E$300,$B32)+SUMIFS(Закрытые!$I$5:$I$300,Закрытые!$E$5:$E$300,$B32,Закрытые!$B$5:$B$300,"T-*")) | G32: =IF(F32="","",(SUMPRODUCT((Торговля!$E$5:$E$300=$B32)*Торговля!$I$5:$I$300*Торговля!$J$5:$J$300)+SUMPRODUCT((Закрытые!$E$5:$E$300=$B32)*(LEFT(Закрытые!$B$5:$B$300,2)="T-")*Закрытые!$I$5:$I$300*Закрытые!$J$5:$J$300))/F32) | H32: =IF(F32="","",SUMIFS(Торговля!$K$5:$K$300,Торговля!$E$5:$E$300,$B32)+SUMIFS(Закрытые!$K$5:$K$300,Закрытые!$E$5:$E$300,$B32,Закрытые!$B$5:$B$300,"T-*")) | I32: =IF($B32="","",IF(COUNTIFS(Торговля!$E$5:$E$300,$B32)+COUNTIFS(Закрытые!$E$5:$E$300,$B32,Закрытые!$B$5:$B$300,"T-*")=0,"",ROUND(SUMIFS(Торговля!$L$5:$L$300,Торговля!$E$5:$E$300,$B32)+SUMIFS(Закрытые!$L$5:$L$300,Закрытые!$E$5:$E$300,$B32,Закрытые!$B$5:$B$300,"T-*"),8))) | J32: =IF($B32="","",IF(COUNTIFS(Торговля!$E$5:$E$300,$B32)+COUNTIFS(Закрытые!$E$5:$E$300,$B32,Закрытые!$B$5:$B$300,"T-*")=0,"",ROUND(SUMIFS(Торговля!$M$5:$M$300,Торговля!$E$5:$E$300,$B32)+SUMIFS(Закрытые!$M$5:$M$300,Закрытые!$E$5:$E$300,$B32,Закрытые!$B$5:$B$300,"T-*"),8))) | K32: =IF($B32="","",ROUND(SUMIFS(Закрытые!$N$5:$N$300,Закрытые!$E$5:$E$300,$B32,Закрытые!$B$5:$B$300,"T-*"),8)) | L32: =IF(K32="","",IF(SUMPRODUCT((Закрытые!$E$5:$E$300=$B32)*(LEFT(Закрытые!$B$5:$B$300,2)="T-")*(COUNTIF(Торговля!$B$5:$B$300,Закрытые!$B$5:$B$300)=0)*((Закрытые!$F$5:$F$300+Закрытые!$I$5:$I$300-ABS(Закрытые!$F$5:$F$300-Закрытые!$I$5:$I$300))/2)*Закрытые!$G$5:$G$300)<=0,0,ROUND(K32/SUMPRODUCT((Закрытые!$E$5:$E$300=$B32)*(LEFT(Закрытые!$B$5:$B$300,2)="T-")*(COUNTIF(Торговля!$B$5:$B$300,Закрытые!$B$5:$B$300)=0)*((Закрытые!$F$5:$F$300+Закрытые!$I$5:$I$300-ABS(Закрытые!$F$5:$F$300-Закрытые!$I$5:$I$300))/2)*Закрытые!$G$5:$G$300)*100,2))) | M32: =IF(OR(ROUND(N(C32)-N(F32),8)=0,1-N(Ввод!$E$17)/100<=0),"",IF(N(C32)>N(F32),(N(E32)-N(H32))/((N(C32)-N(F32))*(1-N(Ввод!$E$17)/100)),(N(H32)-N(E32))/((N(F32)-N(C32))*(1+N(Ввод!$E$17)/100))))
C33: =IF(SUMIFS(Торговля!$F$5:$F$300,Торговля!$E$5:$E$300,$B33)+SUMIFS(Закрытые!$F$5:$F$300,Закрытые!$E$5:$E$300,$B33,Закрытые!$B$5:$B$300,"T-*")=0,"",SUMIFS(Торговля!$F$5:$F$300,Торговля!$E$5:$E$300,$B33)+SUMIFS(Закрытые!$F$5:$F$300,Закрытые!$E$5:$E$300,$B33,Закрытые!$B$5:$B$300,"T-*")) | D33: =IF(C33="","",(SUMPRODUCT((Торговля!$E$5:$E$300=$B33)*Торговля!$F$5:$F$300*Торговля!$G$5:$G$300)+SUMPRODUCT((Закрытые!$E$5:$E$300=$B33)*(LEFT(Закрытые!$B$5:$B$300,2)="T-")*Закрытые!$F$5:$F$300*Закрытые!$G$5:$G$300))/C33) | E33: =IF(C33="","",SUMIFS(Торговля!$H$5:$H$300,Торговля!$E$5:$E$300,$B33)+SUMIFS(Закрытые!$H$5:$H$300,Закрытые!$E$5:$E$300,$B33,Закрытые!$B$5:$B$300,"T-*")) | F33: =IF(SUMIFS(Торговля!$I$5:$I$300,Торговля!$E$5:$E$300,$B33)+SUMIFS(Закрытые!$I$5:$I$300,Закрытые!$E$5:$E$300,$B33,Закрытые!$B$5:$B$300,"T-*")=0,"",SUMIFS(Торговля!$I$5:$I$300,Торговля!$E$5:$E$300,$B33)+SUMIFS(Закрытые!$I$5:$I$300,Закрытые!$E$5:$E$300,$B33,Закрытые!$B$5:$B$300,"T-*")) | G33: =IF(F33="","",(SUMPRODUCT((Торговля!$E$5:$E$300=$B33)*Торговля!$I$5:$I$300*Торговля!$J$5:$J$300)+SUMPRODUCT((Закрытые!$E$5:$E$300=$B33)*(LEFT(Закрытые!$B$5:$B$300,2)="T-")*Закрытые!$I$5:$I$300*Закрытые!$J$5:$J$300))/F33) | H33: =IF(F33="","",SUMIFS(Торговля!$K$5:$K$300,Торговля!$E$5:$E$300,$B33)+SUMIFS(Закрытые!$K$5:$K$300,Закрытые!$E$5:$E$300,$B33,Закрытые!$B$5:$B$300,"T-*")) | I33: =IF($B33="","",IF(COUNTIFS(Торговля!$E$5:$E$300,$B33)+COUNTIFS(Закрытые!$E$5:$E$300,$B33,Закрытые!$B$5:$B$300,"T-*")=0,"",ROUND(SUMIFS(Торговля!$L$5:$L$300,Торговля!$E$5:$E$300,$B33)+SUMIFS(Закрытые!$L$5:$L$300,Закрытые!$E$5:$E$300,$B33,Закрытые!$B$5:$B$300,"T-*"),8))) | J33: =IF($B33="","",IF(COUNTIFS(Торговля!$E$5:$E$300,$B33)+COUNTIFS(Закрытые!$E$5:$E$300,$B33,Закрытые!$B$5:$B$300,"T-*")=0,"",ROUND(SUMIFS(Торговля!$M$5:$M$300,Торговля!$E$5:$E$300,$B33)+SUMIFS(Закрытые!$M$5:$M$300,Закрытые!$E$5:$E$300,$B33,Закрытые!$B$5:$B$300,"T-*"),8))) | K33: =IF($B33="","",ROUND(SUMIFS(Закрытые!$N$5:$N$300,Закрытые!$E$5:$E$300,$B33,Закрытые!$B$5:$B$300,"T-*"),8)) | L33: =IF(K33="","",IF(SUMPRODUCT((Закрытые!$E$5:$E$300=$B33)*(LEFT(Закрытые!$B$5:$B$300,2)="T-")*(COUNTIF(Торговля!$B$5:$B$300,Закрытые!$B$5:$B$300)=0)*((Закрытые!$F$5:$F$300+Закрытые!$I$5:$I$300-ABS(Закрытые!$F$5:$F$300-Закрытые!$I$5:$I$300))/2)*Закрытые!$G$5:$G$300)<=0,0,ROUND(K33/SUMPRODUCT((Закрытые!$E$5:$E$300=$B33)*(LEFT(Закрытые!$B$5:$B$300,2)="T-")*(COUNTIF(Торговля!$B$5:$B$300,Закрытые!$B$5:$B$300)=0)*((Закрытые!$F$5:$F$300+Закрытые!$I$5:$I$300-ABS(Закрытые!$F$5:$F$300-Закрытые!$I$5:$I$300))/2)*Закрытые!$G$5:$G$300)*100,2))) | M33: =IF(OR(ROUND(N(C33)-N(F33),8)=0,1-N(Ввод!$E$17)/100<=0),"",IF(N(C33)>N(F33),(N(E33)-N(H33))/((N(C33)-N(F33))*(1-N(Ввод!$E$17)/100)),(N(H33)-N(E33))/((N(F33)-N(C33))*(1+N(Ввод!$E$17)/100))))
C34: =IF(SUMIFS(Торговля!$F$5:$F$300,Торговля!$E$5:$E$300,$B34)+SUMIFS(Закрытые!$F$5:$F$300,Закрытые!$E$5:$E$300,$B34,Закрытые!$B$5:$B$300,"T-*")=0,"",SUMIFS(Торговля!$F$5:$F$300,Торговля!$E$5:$E$300,$B34)+SUMIFS(Закрытые!$F$5:$F$300,Закрытые!$E$5:$E$300,$B34,Закрытые!$B$5:$B$300,"T-*")) | D34: =IF(C34="","",(SUMPRODUCT((Торговля!$E$5:$E$300=$B34)*Торговля!$F$5:$F$300*Торговля!$G$5:$G$300)+SUMPRODUCT((Закрытые!$E$5:$E$300=$B34)*(LEFT(Закрытые!$B$5:$B$300,2)="T-")*Закрытые!$F$5:$F$300*Закрытые!$G$5:$G$300))/C34) | E34: =IF(C34="","",SUMIFS(Торговля!$H$5:$H$300,Торговля!$E$5:$E$300,$B34)+SUMIFS(Закрытые!$H$5:$H$300,Закрытые!$E$5:$E$300,$B34,Закрытые!$B$5:$B$300,"T-*")) | F34: =IF(SUMIFS(Торговля!$I$5:$I$300,Торговля!$E$5:$E$300,$B34)+SUMIFS(Закрытые!$I$5:$I$300,Закрытые!$E$5:$E$300,$B34,Закрытые!$B$5:$B$300,"T-*")=0,"",SUMIFS(Торговля!$I$5:$I$300,Торговля!$E$5:$E$300,$B34)+SUMIFS(Закрытые!$I$5:$I$300,Закрытые!$E$5:$E$300,$B34,Закрытые!$B$5:$B$300,"T-*")) | G34: =IF(F34="","",(SUMPRODUCT((Торговля!$E$5:$E$300=$B34)*Торговля!$I$5:$I$300*Торговля!$J$5:$J$300)+SUMPRODUCT((Закрытые!$E$5:$E$300=$B34)*(LEFT(Закрытые!$B$5:$B$300,2)="T-")*Закрытые!$I$5:$I$300*Закрытые!$J$5:$J$300))/F34) | H34: =IF(F34="","",SUMIFS(Торговля!$K$5:$K$300,Торговля!$E$5:$E$300,$B34)+SUMIFS(Закрытые!$K$5:$K$300,Закрытые!$E$5:$E$300,$B34,Закрытые!$B$5:$B$300,"T-*")) | I34: =IF($B34="","",IF(COUNTIFS(Торговля!$E$5:$E$300,$B34)+COUNTIFS(Закрытые!$E$5:$E$300,$B34,Закрытые!$B$5:$B$300,"T-*")=0,"",ROUND(SUMIFS(Торговля!$L$5:$L$300,Торговля!$E$5:$E$300,$B34)+SUMIFS(Закрытые!$L$5:$L$300,Закрытые!$E$5:$E$300,$B34,Закрытые!$B$5:$B$300,"T-*"),8))) | J34: =IF($B34="","",IF(COUNTIFS(Торговля!$E$5:$E$300,$B34)+COUNTIFS(Закрытые!$E$5:$E$300,$B34,Закрытые!$B$5:$B$300,"T-*")=0,"",ROUND(SUMIFS(Торговля!$M$5:$M$300,Торговля!$E$5:$E$300,$B34)+SUMIFS(Закрытые!$M$5:$M$300,Закрытые!$E$5:$E$300,$B34,Закрытые!$B$5:$B$300,"T-*"),8))) | K34: =IF($B34="","",ROUND(SUMIFS(Закрытые!$N$5:$N$300,Закрытые!$E$5:$E$300,$B34,Закрытые!$B$5:$B$300,"T-*"),8)) | L34: =IF(K34="","",IF(SUMPRODUCT((Закрытые!$E$5:$E$300=$B34)*(LEFT(Закрытые!$B$5:$B$300,2)="T-")*(COUNTIF(Торговля!$B$5:$B$300,Закрытые!$B$5:$B$300)=0)*((Закрытые!$F$5:$F$300+Закрытые!$I$5:$I$300-ABS(Закрытые!$F$5:$F$300-Закрытые!$I$5:$I$300))/2)*Закрытые!$G$5:$G$300)<=0,0,ROUND(K34/SUMPRODUCT((Закрытые!$E$5:$E$300=$B34)*(LEFT(Закрытые!$B$5:$B$300,2)="T-")*(COUNTIF(Торговля!$B$5:$B$300,Закрытые!$B$5:$B$300)=0)*((Закрытые!$F$5:$F$300+Закрытые!$I$5:$I$300-ABS(Закрытые!$F$5:$F$300-Закрытые!$I$5:$I$300))/2)*Закрытые!$G$5:$G$300)*100,2))) | M34: =IF(OR(ROUND(N(C34)-N(F34),8)=0,1-N(Ввод!$E$17)/100<=0),"",IF(N(C34)>N(F34),(N(E34)-N(H34))/((N(C34)-N(F34))*(1-N(Ввод!$E$17)/100)),(N(H34)-N(E34))/((N(F34)-N(C34))*(1+N(Ввод!$E$17)/100))))
... C300: =IF(SUMIFS(Торговля!$F$5:$F$300,Торговля!$E$5:$E$300,$B300)+SUMIFS(Закрытые!$F$5:$F$300,Закрытые!$E$5:$E$300,$B300,Закрытые!$B$5:$B$300,"T-*")=0,"",SUMIFS(Торговля!$F$5:$F$300,Торговля!$E$5:$E$300,$B300)+SUMIFS(Закрытые!$F$5:$F$300,Закрытые!$E$5:$E$300,$B300,Закрытые!$B$5:$B$300,"T-*")) | D300: =IF(C300="","",(SUMPRODUCT((Торговля!$E$5:$E$300=$B300)*Торговля!$F$5:$F$300*Торговля!$G$5:$G$300)+SUMPRODUCT((Закрытые!$E$5:$E$300=$B300)*(LEFT(Закрытые!$B$5:$B$300,2)="T-")*Закрытые!$F$5:$F$300*Закрытые!$G$5:$G$300))/C300) | E300: =IF(C300="","",SUMIFS(Торговля!$H$5:$H$300,Торговля!$E$5:$E$300,$B300)+SUMIFS(Закрытые!$H$5:$H$300,Закрытые!$E$5:$E$300,$B300,Закрытые!$B$5:$B$300,"T-*")) | F300: =IF(SUMIFS(Торговля!$I$5:$I$300,Торговля!$E$5:$E$300,$B300)+SUMIFS(Закрытые!$I$5:$I$300,Закрытые!$E$5:$E$300,$B300,Закрытые!$B$5:$B$300,"T-*")=0,"",SUMIFS(Торговля!$I$5:$I$300,Торговля!$E$5:$E$300,$B300)+SUMIFS(Закрытые!$I$5:$I$300,Закрытые!$E$5:$E$300,$B300,Закрытые!$B$5:$B$300,"T-*")) | G300: =IF(F300="","",(SUMPRODUCT((Торговля!$E$5:$E$300=$B300)*Торговля!$I$5:$I$300*Торговля!$J$5:$J$300)+SUMPRODUCT((Закрытые!$E$5:$E$300=$B300)*(LEFT(Закрытые!$B$5:$B$300,2)="T-")*Закрытые!$I$5:$I$300*Закрытые!$J$5:$J$300))/F300) | H300: =IF(F300="","",SUMIFS(Торговля!$K$5:$K$300,Торговля!$E$5:$E$300,$B300)+SUMIFS(Закрытые!$K$5:$K$300,Закрытые!$E$5:$E$300,$B300,Закрытые!$B$5:$B$300,"T-*")) | I300: =IF($B300="","",IF(COUNTIFS(Торговля!$E$5:$E$300,$B300)+COUNTIFS(Закрытые!$E$5:$E$300,$B300,Закрытые!$B$5:$B$300,"T-*")=0,"",ROUND(SUMIFS(Торговля!$L$5:$L$300,Торговля!$E$5:$E$300,$B300)+SUMIFS(Закрытые!$L$5:$L$300,Закрытые!$E$5:$E$300,$B300,Закрытые!$B$5:$B$300,"T-*"),8))) | J300: =IF($B300="","",IF(COUNTIFS(Торговля!$E$5:$E$300,$B300)+COUNTIFS(Закрытые!$E$5:$E$300,$B300,Закрытые!$B$5:$B$300,"T-*")=0,"",ROUND(SUMIFS(Торговля!$M$5:$M$300,Торговля!$E$5:$E$300,$B300)+SUMIFS(Закрытые!$M$5:$M$300,Закрытые!$E$5:$E$300,$B300,Закрытые!$B$5:$B$300,"T-*"),8))) | K300: =IF($B300="","",ROUND(SUMIFS(Закрытые!$N$5:$N$300,Закрытые!$E$5:$E$300,$B300,Закрытые!$B$5:$B$300,"T-*"),8)) | L300: =IF(K300="","",IF(SUMPRODUCT((Закрытые!$E$5:$E$300=$B300)*(LEFT(Закрытые!$B$5:$B$300,2)="T-")*(COUNTIF(Торговля!$B$5:$B$300,Закрытые!$B$5:$B$300)=0)*((Закрытые!$F$5:$F$300+Закрытые!$I$5:$I$300-ABS(Закрытые!$F$5:$F$300-Закрытые!$I$5:$I$300))/2)*Закрытые!$G$5:$G$300)<=0,0,ROUND(K300/SUMPRODUCT((Закрытые!$E$5:$E$300=$B300)*(LEFT(Закрытые!$B$5:$B$300,2)="T-")*(COUNTIF(Торговля!$B$5:$B$300,Закрытые!$B$5:$B$300)=0)*((Закрытые!$F$5:$F$300+Закрытые!$I$5:$I$300-ABS(Закрытые!$F$5:$F$300-Закрытые!$I$5:$I$300))/2)*Закрытые!$G$5:$G$300)*100,2))) | M300: =IF(OR(ROUND(N(C300)-N(F300),8)=0,1-N(Ввод!$E$17)/100<=0),"",IF(N(C300)>N(F300),(N(E300)-N(H300))/((N(C300)-N(F300))*(1-N(Ввод!$E$17)/100)),(N(H300)-N(E300))/((N(F300)-N(C300))*(1+N(Ввод!$E$17)/100))))

Sheet Лэндинг
B1: CRYPTO JOURNAL • ЛЭНДИНГ
B4: ID | C4: Дата | D4: Протокол | E4: Пара | F4: Покупка | G4: Курс | H4: Сумма | I4: Продажа | J4: Курс | K4: Сумма | L4: Дельта 1 | M4: Дельта 2 | N4: Break even
B5: L-0005 | C5: 46299 | D5: Bybit | E5: BNB/USDT | H5: =IF(AND(ISNUMBER(F5),ISNUMBER(G5)),F5*G5,"") | I5: 3 | J5: 598.8 | K5: =IF(AND(ISNUMBER(I5),ISNUMBER(J5)),I5*J5,"") | L5: =IF(COUNT(F5,I5)=0,"",N(F5)-N(I5)) | M5: =IF(COUNT(H5,K5)=0,"",N(K5)-N(H5)) | N5: =IF(AND(ISNUMBER(F5),ISNUMBER(G5),F5>0,1-N(Ввод!$E$17)/100>0),MAX(0,(F5*G5-SUMPRODUCT((Закрытые!$B$5:$B$300=$B5)*((Закрытые!$F$5:$F$300+Закрытые!$I$5:$I$300-ABS(Закрытые!$F$5:$F$300-Закрытые!$I$5:$I$300))/2)*(Закрытые!$J$5:$J$300-Закрытые!$G$5:$G$300)))/F5)/(1-N(Ввод!$E$17)/100),IF(AND(ISNUMBER(I5),ISNUMBER(J5),I5>0),MAX(0,(I5*J5+SUMPRODUCT((Закрытые!$B$5:$B$300=$B5)*((Закрытые!$F$5:$F$300+Закрытые!$I$5:$I$300-ABS(Закрытые!$F$5:$F$300-Закрытые!$I$5:$I$300))/2)*(Закрытые!$J$5:$J$300-Закрытые!$G$5:$G$300)))/I5)/(1+N(Ввод!$E$17)/100),""))
B6: L-0001 | C6: 46296 | D6: Binance | E6: BTC/USDT | F6: 0.1 | G6: 62124 | H6: =IF(AND(ISNUMBER(F6),ISNUMBER(G6)),F6*G6,"") | K6: =IF(AND(ISNUMBER(I6),ISNUMBER(J6)),I6*J6,"") | L6: =IF(COUNT(F6,I6)=0,"",N(F6)-N(I6)) | M6: =IF(COUNT(H6,K6)=0,"",N(K6)-N(H6)) | N6: =IF(AND(ISNUMBER(F6),ISNUMBER(G6),F6>0,1-N(Ввод!$E$17)/100>0),MAX(0,(F6*G6-SUMPRODUCT((Закрытые!$B$5:$B$300=$B6)*((Закрытые!$F$5:$F$300+Закрытые!$I$5:$I$300-ABS(Закрытые!$F$5:$F$300-Закрытые!$I$5:$I$300))/2)*(Закрытые!$J$5:$J$300-Закрытые!$G$5:$G$300)))/F6)/(1-N(Ввод!$E$17)/100),IF(AND(ISNUMBER(I6),ISNUMBER(J6),I6>0),MAX(0,(I6*J6+SUMPRODUCT((Закрытые!$B$5:$B$300=$B6)*((Закрытые!$F$5:$F$300+Закрытые!$I$5:$I$300-ABS(Закрытые!$F$5:$F$300-Закрытые!$I$5:$I$300))/2)*(Закрытые!$J$5:$J$300-Закрытые!$G$5:$G$300)))/I6)/(1+N(Ввод!$E$17)/100),""))
B7: L-0004 | C7: 46298 | D7: Binance | E7: ETH/BTC | H7: =IF(AND(ISNUMBER(F7),ISNUMBER(G7)),F7*G7,"") | I7: 1.5 | J7: 0.052395 | K7: =IF(AND(ISNUMBER(I7),ISNUMBER(J7)),I7*J7,"") | L7: =IF(COUNT(F7,I7)=0,"",N(F7)-N(I7)) | M7: =IF(COUNT(H7,K7)=0,"",N(K7)-N(H7)) | N7: =IF(AND(ISNUMBER(F7),ISNUMBER(G7),F7>0,1-N(Ввод!$E$17)/100>0),MAX(0,(F7*G7-SUMPRODUCT((Закрытые!$B$5:$B$300=$B7)*((Закрытые!$F$5:$F$300+Закрытые!$I$5:$I$300-ABS(Закрытые!$F$5:$F$300-Закрытые!$I$5:$I$300))/2)*(Закрытые!$J$5:$J$300-Закрытые!$G$5:$G$300)))/F7)/(1-N(Ввод!$E$17)/100),IF(AND(ISNUMBER(I7),ISNUMBER(J7),I7>0),MAX(0,(I7*J7+SUMPRODUCT((Закрытые!$B$5:$B$300=$B7)*((Закрытые!$F$5:$F$300+Закрытые!$I$5:$I$300-ABS(Закрытые!$F$5:$F$300-Закрытые!$I$5:$I$300))/2)*(Закрытые!$J$5:$J$300-Закрытые!$G$5:$G$300)))/I7)/(1+N(Ввод!$E$17)/100),""))
B8: L-0002 | C8: 46297 | D8: Bybit | E8: ETH/USDT | F8: 1 | G8: 3206.4 | H8: =IF(AND(ISNUMBER(F8),ISNUMBER(G8)),F8*G8,"") | K8: =IF(AND(ISNUMBER(I8),ISNUMBER(J8)),I8*J8,"") | L8: =IF(COUNT(F8,I8)=0,"",N(F8)-N(I8)) | M8: =IF(COUNT(H8,K8)=0,"",N(K8)-N(H8)) | N8: =IF(AND(ISNUMBER(F8),ISNUMBER(G8),F8>0,1-N(Ввод!$E$17)/100>0),MAX(0,(F8*G8-SUMPRODUCT((Закрытые!$B$5:$B$300=$B8)*((Закрытые!$F$5:$F$300+Закрытые!$I$5:$I$300-ABS(Закрытые!$F$5:$F$300-Закрытые!$I$5:$I$300))/2)*(Закрытые!$J$5:$J$300-Закрытые!$G$5:$G$300)))/F8)/(1-N(Ввод!$E$17)/100),IF(AND(ISNUMBER(I8),ISNUMBER(J8),I8>0),MAX(0,(I8*J8+SUMPRODUCT((Закрытые!$B$5:$B$300=$B8)*((Закрытые!$F$5:$F$300+Закрытые!$I$5:$I$300-ABS(Закрытые!$F$5:$F$300-Закрытые!$I$5:$I$300))/2)*(Закрытые!$J$5:$J$300-Закрытые!$G$5:$G$300)))/I8)/(1+N(Ввод!$E$17)/100),""))
B9: L-0007 | C9: 46300 | D9: Binance | E9: ETH/USDT | F9: 1.2 | G9: 3186.36 | H9: =IF(AND(ISNUMBER(F9),ISNUMBER(G9)),F9*G9,"") | K9: =IF(AND(ISNUMBER(I9),ISNUMBER(J9)),I9*J9,"") | L9: =IF(COUNT(F9,I9)=0,"",N(F9)-N(I9)) | M9: =IF(COUNT(H9,K9)=0,"",N(K9)-N(H9)) | N9: =IF(AND(ISNUMBER(F9),ISNUMBER(G9),F9>0,1-N(Ввод!$E$17)/100>0),MAX(0,(F9*G9-SUMPRODUCT((Закрытые!$B$5:$B$300=$B9)*((Закрытые!$F$5:$F$300+Закрытые!$I$5:$I$300-ABS(Закрытые!$F$5:$F$300-Закрытые!$I$5:$I$300))/2)*(Закрытые!$J$5:$J$300-Закрытые!$G$5:$G$300)))/F9)/(1-N(Ввод!$E$17)/100),IF(AND(ISNUMBER(I9),ISNUMBER(J9),I9>0),MAX(0,(I9*J9+SUMPRODUCT((Закрытые!$B$5:$B$300=$B9)*((Закрытые!$F$5:$F$300+Закрытые!$I$5:$I$300-ABS(Закрытые!$F$5:$F$300-Закрытые!$I$5:$I$300))/2)*(Закрытые!$J$5:$J$300-Закрытые!$G$5:$G$300)))/I9)/(1+N(Ввод!$E$17)/100),""))
B10: L-0008 | C10: 46300 | D10: Bybit | E10: ETH/USDT | F10: 0.8 | G10: 3256.5 | H10: =IF(AND(ISNUMBER(F10),ISNUMBER(G10)),F10*G10,"") | K10: =IF(AND(ISNUMBER(I10),ISNUMBER(J10)),I10*J10,"") | L10: =IF(COUNT(F10,I10)=0,"",N(F10)-N(I10)) | M10: =IF(COUNT(H10,K10)=0,"",N(K10)-N(H10)) | N10: =IF(AND(ISNUMBER(F10),ISNUMBER(G10),F10>0,1-N(Ввод!$E$17)/100>0),MAX(0,(F10*G10-SUMPRODUCT((Закрытые!$B$5:$B$300=$B10)*((Закрытые!$F$5:$F$300+Закрытые!$I$5:$I$300-ABS(Закрытые!$F$5:$F$300-Закрытые!$I$5:$I$300))/2)*(Закрытые!$J$5:$J$300-Закрытые!$G$5:$G$300)))/F10)/(1-N(Ввод!$E$17)/100),IF(AND(ISNUMBER(I10),ISNUMBER(J10),I10>0),MAX(0,(I10*J10+SUMPRODUCT((Закрытые!$B$5:$B$300=$B10)*((Закрытые!$F$5:$F$300+Закрытые!$I$5:$I$300-ABS(Закрытые!$F$5:$F$300-Закрытые!$I$5:$I$300))/2)*(Закрытые!$J$5:$J$300-Закрытые!$G$5:$G$300)))/I10)/(1+N(Ввод!$E$17)/100),""))
B11: L-0009 | C11: 46301 | D11: OKX | E11: ETH/USDT | H11: =IF(AND(ISNUMBER(F11),ISNUMBER(G11)),F11*G11,"") | I11: 1.5 | J11: 3393.2 | K11: =IF(AND(ISNUMBER(I11),ISNUMBER(J11)),I11*J11,"") | L11: =IF(COUNT(F11,I11)=0,"",N(F11)-N(I11)) | M11: =IF(COUNT(H11,K11)=0,"",N(K11)-N(H11)) | N11: =IF(AND(ISNUMBER(F11),ISNUMBER(G11),F11>0,1-N(Ввод!$E$17)/100>0),MAX(0,(F11*G11-SUMPRODUCT((Закрытые!$B$5:$B$300=$B11)*((Закрытые!$F$5:$F$300+Закрытые!$I$5:$I$300-ABS(Закрытые!$F$5:$F$300-Закрытые!$I$5:$I$300))/2)*(Закрытые!$J$5:$J$300-Закрытые!$G$5:$G$300)))/F11)/(1-N(Ввод!$E$17)/100),IF(AND(ISNUMBER(I11),ISNUMBER(J11),I11>0),MAX(0,(I11*J11+SUMPRODUCT((Закрытые!$B$5:$B$300=$B11)*((Закрытые!$F$5:$F$300+Закрытые!$I$5:$I$300-ABS(Закрытые!$F$5:$F$300-Закрытые!$I$5:$I$300))/2)*(Закрытые!$J$5:$J$300-Закрытые!$G$5:$G$300)))/I11)/(1+N(Ввод!$E$17)/100),""))
B12: L-0010 | C12: 46300 | D12: Binance | E12: SOL/USDT | H12: =IF(AND(ISNUMBER(F12),ISNUMBER(G12)),F12*G12,"") | I12: 30 | J12: 149.7 | K12: =IF(AND(ISNUMBER(I12),ISNUMBER(J12)),I12*J12,"") | L12: =IF(COUNT(F12,I12)=0,"",N(F12)-N(I12)) | M12: =IF(COUNT(H12,K12)=0,"",N(K12)-N(H12)) | N12: =IF(AND(ISNUMBER(F12),ISNUMBER(G12),F12>0,1-N(Ввод!$E$17)/100>0),MAX(0,(F12*G12-SUMPRODUCT((Закрытые!$B$5:$B$300=$B12)*((Закрытые!$F$5:$F$300+Закрытые!$I$5:$I$300-ABS(Закрытые!$F$5:$F$300-Закрытые!$I$5:$I$300))/2)*(Закрытые!$J$5:$J$300-Закрытые!$G$5:$G$300)))/F12)/(1-N(Ввод!$E$17)/100),IF(AND(ISNUMBER(I12),ISNUMBER(J12),I12>0),MAX(0,(I12*J12+SUMPRODUCT((Закрытые!$B$5:$B$300=$B12)*((Закрытые!$F$5:$F$300+Закрытые!$I$5:$I$300-ABS(Закрытые!$F$5:$F$300-Закрытые!$I$5:$I$300))/2)*(Закрытые!$J$5:$J$300-Закрытые!$G$5:$G$300)))/I12)/(1+N(Ввод!$E$17)/100),""))
B13: L-0011 | C13: 46301 | D13: Bybit | E13: SOL/USDT | H13: =IF(AND(ISNUMBER(F13),ISNUMBER(G13)),F13*G13,"") | I13: 10 | J13: 151.696 | K13: =IF(AND(ISNUMBER(I13),ISNUMBER(J13)),I13*J13,"") | L13: =IF(COUNT(F13,I13)=0,"",N(F13)-N(I13)) | M13: =IF(COUNT(H13,K13)=0,"",N(K13)-N(H13)) | N13: =IF(AND(ISNUMBER(F13),ISNUMBER(G13),F13>0,1-N(Ввод!$E$17)/100>0),MAX(0,(F13*G13-SUMPRODUCT((Закрытые!$B$5:$B$300=$B13)*((Закрытые!$F$5:$F$300+Закрытые!$I$5:$I$300-ABS(Закрытые!$F$5:$F$300-Закрытые!$I$5:$I$300))/2)*(Закрытые!$J$5:$J$300-Закрытые!$G$5:$G$300)))/F13)/(1-N(Ввод!$E$17)/100),IF(AND(ISNUMBER(I13),ISNUMBER(J13),I13>0),MAX(0,(I13*J13+SUMPRODUCT((Закрытые!$B$5:$B$300=$B13)*((Закрытые!$F$5:$F$300+Закрытые!$I$5:$I$300-ABS(Закрытые!$F$5:$F$300-Закрытые!$I$5:$I$300))/2)*(Закрытые!$J$5:$J$300-Закрытые!$G$5:$G$300)))/I13)/(1+N(Ввод!$E$17)/100),""))
B14: L-0012 | C14: 46301 | D14: OKX | E14: SOL/USDT | F14: 25 | G14: 146.292 | H14: =IF(AND(ISNUMBER(F14),ISNUMBER(G14)),F14*G14,"") | K14: =IF(AND(ISNUMBER(I14),ISNUMBER(J14)),I14*J14,"") | L14: =IF(COUNT(F14,I14)=0,"",N(F14)-N(I14)) | M14: =IF(COUNT(H14,K14)=0,"",N(K14)-N(H14)) | N14: =IF(AND(ISNUMBER(F14),ISNUMBER(G14),F14>0,1-N(Ввод!$E$17)/100>0),MAX(0,(F14*G14-SUMPRODUCT((Закрытые!$B$5:$B$300=$B14)*((Закрытые!$F$5:$F$300+Закрытые!$I$5:$I$300-ABS(Закрытые!$F$5:$F$300-Закрытые!$I$5:$I$300))/2)*(Закрытые!$J$5:$J$300-Закрытые!$G$5:$G$300)))/F14)/(1-N(Ввод!$E$17)/100),IF(AND(ISNUMBER(I14),ISNUMBER(J14),I14>0),MAX(0,(I14*J14+SUMPRODUCT((Закрытые!$B$5:$B$300=$B14)*((Закрытые!$F$5:$F$300+Закрытые!$I$5:$I$300-ABS(Закрытые!$F$5:$F$300-Закрытые!$I$5:$I$300))/2)*(Закрытые!$J$5:$J$300-Закрытые!$G$5:$G$300)))/I14)/(1+N(Ввод!$E$17)/100),""))
B15: L-0016 | C15: 46302 | D15: Binance | E15: BNB/ETH | F15: 15 | G15: 0.188376 | H15: =IF(AND(ISNUMBER(F15),ISNUMBER(G15)),F15*G15,"") | K15: =IF(AND(ISNUMBER(I15),ISNUMBER(J15)),I15*J15,"") | L15: =IF(COUNT(F15,I15)=0,"",N(F15)-N(I15)) | M15: =IF(COUNT(H15,K15)=0,"",N(K15)-N(H15)) | N15: =IF(AND(ISNUMBER(F15),ISNUMBER(G15),F15>0,1-N(Ввод!$E$17)/100>0),MAX(0,(F15*G15-SUMPRODUCT((Закрытые!$B$5:$B$300=$B15)*((Закрытые!$F$5:$F$300+Закрытые!$I$5:$I$300-ABS(Закрытые!$F$5:$F$300-Закрытые!$I$5:$I$300))/2)*(Закрытые!$J$5:$J$300-Закрытые!$G$5:$G$300)))/F15)/(1-N(Ввод!$E$17)/100),IF(AND(ISNUMBER(I15),ISNUMBER(J15),I15>0),MAX(0,(I15*J15+SUMPRODUCT((Закрытые!$B$5:$B$300=$B15)*((Закрытые!$F$5:$F$300+Закрытые!$I$5:$I$300-ABS(Закрытые!$F$5:$F$300-Закрытые!$I$5:$I$300))/2)*(Закрытые!$J$5:$J$300-Закрытые!$G$5:$G$300)))/I15)/(1+N(Ввод!$E$17)/100),""))
B16: L-0017 | C16: 46302 | D16: Bybit | E16: BNB/BTC | H16: =IF(AND(ISNUMBER(F16),ISNUMBER(G16)),F16*G16,"") | I16: 10 | J16: 0.00965066 | K16: =IF(AND(ISNUMBER(I16),ISNUMBER(J16)),I16*J16,"") | L16: =IF(COUNT(F16,I16)=0,"",N(F16)-N(I16)) | M16: =IF(COUNT(H16,K16)=0,"",N(K16)-N(H16)) | N16: =IF(AND(ISNUMBER(F16),ISNUMBER(G16),F16>0,1-N(Ввод!$E$17)/100>0),MAX(0,(F16*G16-SUMPRODUCT((Закрытые!$B$5:$B$300=$B16)*((Закрытые!$F$5:$F$300+Закрытые!$I$5:$I$300-ABS(Закрытые!$F$5:$F$300-Закрытые!$I$5:$I$300))/2)*(Закрытые!$J$5:$J$300-Закрытые!$G$5:$G$300)))/F16)/(1-N(Ввод!$E$17)/100),IF(AND(ISNUMBER(I16),ISNUMBER(J16),I16>0),MAX(0,(I16*J16+SUMPRODUCT((Закрытые!$B$5:$B$300=$B16)*((Закрытые!$F$5:$F$300+Закрытые!$I$5:$I$300-ABS(Закрытые!$F$5:$F$300-Закрытые!$I$5:$I$300))/2)*(Закрытые!$J$5:$J$300-Закрытые!$G$5:$G$300)))/I16)/(1+N(Ввод!$E$17)/100),""))
B17: L-0018 | C17: 46302 | D17: OKX | E17: CAKE/ETH | F17: 800 | G17: 0.0007515 | H17: =IF(AND(ISNUMBER(F17),ISNUMBER(G17)),F17*G17,"") | K17: =IF(AND(ISNUMBER(I17),ISNUMBER(J17)),I17*J17,"") | L17: =IF(COUNT(F17,I17)=0,"",N(F17)-N(I17)) | M17: =IF(COUNT(H17,K17)=0,"",N(K17)-N(H17)) | N17: =IF(AND(ISNUMBER(F17),ISNUMBER(G17),F17>0,1-N(Ввод!$E$17)/100>0),MAX(0,(F17*G17-SUMPRODUCT((Закрытые!$B$5:$B$300=$B17)*((Закрытые!$F$5:$F$300+Закрытые!$I$5:$I$300-ABS(Закрытые!$F$5:$F$300-Закрытые!$I$5:$I$300))/2)*(Закрытые!$J$5:$J$300-Закрытые!$G$5:$G$300)))/F17)/(1-N(Ввод!$E$17)/100),IF(AND(ISNUMBER(I17),ISNUMBER(J17),I17>0),MAX(0,(I17*J17+SUMPRODUCT((Закрытые!$B$5:$B$300=$B17)*((Закрытые!$F$5:$F$300+Закрытые!$I$5:$I$300-ABS(Закрытые!$F$5:$F$300-Закрытые!$I$5:$I$300))/2)*(Закрытые!$J$5:$J$300-Закрытые!$G$5:$G$300)))/I17)/(1+N(Ввод!$E$17)/100),""))
B18: L-0019 | C18: 46303 | D18: AAVE | E18: ETH/BTC | F18: 3 | G18: 0.0517032 | H18: =IF(AND(ISNUMBER(F18),ISNUMBER(G18)),F18*G18,"") | K18: =IF(AND(ISNUMBER(I18),ISNUMBER(J18)),I18*J18,"") | L18: =IF(COUNT(F18,I18)=0,"",N(F18)-N(I18)) | M18: =IF(COUNT(H18,K18)=0,"",N(K18)-N(H18)) | N18: =IF(AND(ISNUMBER(F18),ISNUMBER(G18),F18>0,1-N(Ввод!$E$17)/100>0),MAX(0,(F18*G18-SUMPRODUCT((Закрытые!$B$5:$B$300=$B18)*((Закрытые!$F$5:$F$300+Закрытые!$I$5:$I$300-ABS(Закрытые!$F$5:$F$300-Закрытые!$I$5:$I$300))/2)*(Закрытые!$J$5:$J$300-Закрытые!$G$5:$G$300)))/F18)/(1-N(Ввод!$E$17)/100),IF(AND(ISNUMBER(I18),ISNUMBER(J18),I18>0),MAX(0,(I18*J18+SUMPRODUCT((Закрытые!$B$5:$B$300=$B18)*((Закрытые!$F$5:$F$300+Закрытые!$I$5:$I$300-ABS(Закрытые!$F$5:$F$300-Закрытые!$I$5:$I$300))/2)*(Закрытые!$J$5:$J$300-Закрытые!$G$5:$G$300)))/I18)/(1+N(Ввод!$E$17)/100),""))
B19: L-0020 | C19: 46303 | D19: Binance | E19: ETH/USDT | H19: =IF(AND(ISNUMBER(F19),ISNUMBER(G19)),F19*G19,"") | I19: 2 | J19: 3203.58 | K19: =IF(AND(ISNUMBER(I19),ISNUMBER(J19)),I19*J19,"") | L19: =IF(COUNT(F19,I19)=0,"",N(F19)-N(I19)) | M19: =IF(COUNT(H19,K19)=0,"",N(K19)-N(H19)) | N19: =IF(AND(ISNUMBER(F19),ISNUMBER(G19),F19>0,1-N(Ввод!$E$17)/100>0),MAX(0,(F19*G19-SUMPRODUCT((Закрытые!$B$5:$B$300=$B19)*((Закрытые!$F$5:$F$300+Закрытые!$I$5:$I$300-ABS(Закрытые!$F$5:$F$300-Закрытые!$I$5:$I$300))/2)*(Закрытые!$J$5:$J$300-Закрытые!$G$5:$G$300)))/F19)/(1-N(Ввод!$E$17)/100),IF(AND(ISNUMBER(I19),ISNUMBER(J19),I19>0),MAX(0,(I19*J19+SUMPRODUCT((Закрытые!$B$5:$B$300=$B19)*((Закрытые!$F$5:$F$300+Закрытые!$I$5:$I$300-ABS(Закрытые!$F$5:$F$300-Закрытые!$I$5:$I$300))/2)*(Закрытые!$J$5:$J$300-Закрытые!$G$5:$G$300)))/I19)/(1+N(Ввод!$E$17)/100),""))
B20: L-0026 | C20: 46303 | D20: Binance | E20: BNB/ETH | H20: =IF(AND(ISNUMBER(F20),ISNUMBER(G20)),F20*G20,"") | I20: 7 | J20: 0.188622 | K20: =IF(AND(ISNUMBER(I20),ISNUMBER(J20)),I20*J20,"") | L20: =IF(COUNT(F20,I20)=0,"",N(F20)-N(I20)) | M20: =IF(COUNT(H20,K20)=0,"",N(K20)-N(H20)) | N20: =IF(AND(ISNUMBER(F20),ISNUMBER(G20),F20>0,1-N(Ввод!$E$17)/100>0),MAX(0,(F20*G20-SUMPRODUCT((Закрытые!$B$5:$B$300=$B20)*((Закрытые!$F$5:$F$300+Закрытые!$I$5:$I$300-ABS(Закрытые!$F$5:$F$300-Закрытые!$I$5:$I$300))/2)*(Закрытые!$J$5:$J$300-Закрытые!$G$5:$G$300)))/F20)/(1-N(Ввод!$E$17)/100),IF(AND(ISNUMBER(I20),ISNUMBER(J20),I20>0),MAX(0,(I20*J20+SUMPRODUCT((Закрытые!$B$5:$B$300=$B20)*((Закрытые!$F$5:$F$300+Закрытые!$I$5:$I$300-ABS(Закрытые!$F$5:$F$300-Закрытые!$I$5:$I$300))/2)*(Закрытые!$J$5:$J$300-Закрытые!$G$5:$G$300)))/I20)/(1+N(Ввод!$E$17)/100),""))
B21: L-0027 | C21: 46303 | D21: Bybit | E21: CAKE/BTC | F21: 400 | G21: 3.858e-05 | H21: =IF(AND(ISNUMBER(F21),ISNUMBER(G21)),F21*G21,"") | K21: =IF(AND(ISNUMBER(I21),ISNUMBER(J21)),I21*J21,"") | L21: =IF(COUNT(F21,I21)=0,"",N(F21)-N(I21)) | M21: =IF(COUNT(H21,K21)=0,"",N(K21)-N(H21)) | N21: =IF(AND(ISNUMBER(F21),ISNUMBER(G21),F21>0,1-N(Ввод!$E$17)/100>0),MAX(0,(F21*G21-SUMPRODUCT((Закрытые!$B$5:$B$300=$B21)*((Закрытые!$F$5:$F$300+Закрытые!$I$5:$I$300-ABS(Закрытые!$F$5:$F$300-Закрытые!$I$5:$I$300))/2)*(Закрытые!$J$5:$J$300-Закрытые!$G$5:$G$300)))/F21)/(1-N(Ввод!$E$17)/100),IF(AND(ISNUMBER(I21),ISNUMBER(J21),I21>0),MAX(0,(I21*J21+SUMPRODUCT((Закрытые!$B$5:$B$300=$B21)*((Закрытые!$F$5:$F$300+Закрытые!$I$5:$I$300-ABS(Закрытые!$F$5:$F$300-Закрытые!$I$5:$I$300))/2)*(Закрытые!$J$5:$J$300-Закрытые!$G$5:$G$300)))/I21)/(1+N(Ввод!$E$17)/100),""))
B22: L-0028 | C22: 46303 | D22: AAVE | E22: ETH/BTC | H22: =IF(AND(ISNUMBER(F22),ISNUMBER(G22)),F22*G22,"") | I22: 2.5 | J22: 0.0516964 | K22: =IF(AND(ISNUMBER(I22),ISNUMBER(J22)),I22*J22,"") | L22: =IF(COUNT(F22,I22)=0,"",N(F22)-N(I22)) | M22: =IF(COUNT(H22,K22)=0,"",N(K22)-N(H22)) | N22: =IF(AND(ISNUMBER(F22),ISNUMBER(G22),F22>0,1-N(Ввод!$E$17)/100>0),MAX(0,(F22*G22-SUMPRODUCT((Закрытые!$B$5:$B$300=$B22)*((Закрытые!$F$5:$F$300+Закрытые!$I$5:$I$300-ABS(Закрытые!$F$5:$F$300-Закрытые!$I$5:$I$300))/2)*(Закрытые!$J$5:$J$300-Закрытые!$G$5:$G$300)))/F22)/(1-N(Ввод!$E$17)/100),IF(AND(ISNUMBER(I22),ISNUMBER(J22),I22>0),MAX(0,(I22*J22+SUMPRODUCT((Закрытые!$B$5:$B$300=$B22)*((Закрытые!$F$5:$F$300+Закрытые!$I$5:$I$300-ABS(Закрытые!$F$5:$F$300-Закрытые!$I$5:$I$300))/2)*(Закрытые!$J$5:$J$300-Закрытые!$G$5:$G$300)))/I22)/(1+N(Ввод!$E$17)/100),""))
B23: L-0029 | C23: 46304 | D23: OKX | E23: BNB/ETH | F23: 5 | G23: 0.187374 | H23: =IF(AND(ISNUMBER(F23),ISNUMBER(G23)),F23*G23,"") | K23: =IF(AND(ISNUMBER(I23),ISNUMBER(J23)),I23*J23,"") | L23: =IF(COUNT(F23,I23)=0,"",N(F23)-N(I23)) | M23: =IF(COUNT(H23,K23)=0,"",N(K23)-N(H23)) | N23: =IF(AND(ISNUMBER(F23),ISNUMBER(G23),F23>0,1-N(Ввод!$E$17)/100>0),MAX(0,(F23*G23-SUMPRODUCT((Закрытые!$B$5:$B$300=$B23)*((Закрытые!$F$5:$F$300+Закрытые!$I$5:$I$300-ABS(Закрытые!$F$5:$F$300-Закрытые!$I$5:$I$300))/2)*(Закрытые!$J$5:$J$300-Закрытые!$G$5:$G$300)))/F23)/(1-N(Ввод!$E$17)/100),IF(AND(ISNUMBER(I23),ISNUMBER(J23),I23>0),MAX(0,(I23*J23+SUMPRODUCT((Закрытые!$B$5:$B$300=$B23)*((Закрытые!$F$5:$F$300+Закрытые!$I$5:$I$300-ABS(Закрытые!$F$5:$F$300-Закрытые!$I$5:$I$300))/2)*(Закрытые!$J$5:$J$300-Закрытые!$G$5:$G$300)))/I23)/(1+N(Ввод!$E$17)/100),""))
B24: L-0030 | C24: 46304 | D24: Binance | E24: BTC/USDT | F24: 0.09 | G24: 62023.8 | H24: =IF(AND(ISNUMBER(F24),ISNUMBER(G24)),F24*G24,"") | K24: =IF(AND(ISNUMBER(I24),ISNUMBER(J24)),I24*J24,"") | L24: =IF(COUNT(F24,I24)=0,"",N(F24)-N(I24)) | M24: =IF(COUNT(H24,K24)=0,"",N(K24)-N(H24)) | N24: =IF(AND(ISNUMBER(F24),ISNUMBER(G24),F24>0,1-N(Ввод!$E$17)/100>0),MAX(0,(F24*G24-SUMPRODUCT((Закрытые!$B$5:$B$300=$B24)*((Закрытые!$F$5:$F$300+Закрытые!$I$5:$I$300-ABS(Закрытые!$F$5:$F$300-Закрытые!$I$5:$I$300))/2)*(Закрытые!$J$5:$J$300-Закрытые!$G$5:$G$300)))/F24)/(1-N(Ввод!$E$17)/100),IF(AND(ISNUMBER(I24),ISNUMBER(J24),I24>0),MAX(0,(I24*J24+SUMPRODUCT((Закрытые!$B$5:$B$300=$B24)*((Закрытые!$F$5:$F$300+Закрытые!$I$5:$I$300-ABS(Закрытые!$F$5:$F$300-Закрытые!$I$5:$I$300))/2)*(Закрытые!$J$5:$J$300-Закрытые!$G$5:$G$300)))/I24)/(1+N(Ввод!$E$17)/100),""))
H25: =IF(AND(ISNUMBER(F25),ISNUMBER(G25)),F25*G25,"") | K25: =IF(AND(ISNUMBER(I25),ISNUMBER(J25)),I25*J25,"") | L25: =IF(COUNT(F25,I25)=0,"",N(F25)-N(I25)) | M25: =IF(COUNT(H25,K25)=0,"",N(K25)-N(H25)) | N25: =IF(AND(ISNUMBER(F25),ISNUMBER(G25),F25>0,1-N(Ввод!$E$17)/100>0),MAX(0,(F25*G25-SUMPRODUCT((Закрытые!$B$5:$B$300=$B25)*((Закрытые!$F$5:$F$300+Закрытые!$I$5:$I$300-ABS(Закрытые!$F$5:$F$300-Закрытые!$I$5:$I$300))/2)*(Закрытые!$J$5:$J$300-Закрытые!$G$5:$G$300)))/F25)/(1-N(Ввод!$E$17)/100),IF(AND(ISNUMBER(I25),ISNUMBER(J25),I25>0),MAX(0,(I25*J25+SUMPRODUCT((Закрытые!$B$5:$B$300=$B25)*((Закрытые!$F$5:$F$300+Закрытые!$I$5:$I$300-ABS(Закрытые!$F$5:$F$300-Закрытые!$I$5:$I$300))/2)*(Закрытые!$J$5:$J$300-Закрытые!$G$5:$G$300)))/I25)/(1+N(Ввод!$E$17)/100),""))
H26: =IF(AND(ISNUMBER(F26),ISNUMBER(G26)),F26*G26,"") | K26: =IF(AND(ISNUMBER(I26),ISNUMBER(J26)),I26*J26,"") | L26: =IF(COUNT(F26,I26)=0,"",N(F26)-N(I26)) | M26: =IF(COUNT(H26,K26)=0,"",N(K26)-N(H26)) | N26: =IF(AND(ISNUMBER(F26),ISNUMBER(G26),F26>0,1-N(Ввод!$E$17)/100>0),MAX(0,(F26*G26-SUMPRODUCT((Закрытые!$B$5:$B$300=$B26)*((Закрытые!$F$5:$F$300+Закрытые!$I$5:$I$300-ABS(Закрытые!$F$5:$F$300-Закрытые!$I$5:$I$300))/2)*(Закрытые!$J$5:$J$300-Закрытые!$G$5:$G$300)))/F26)/(1-N(Ввод!$E$17)/100),IF(AND(ISNUMBER(I26),ISNUMBER(J26),I26>0),MAX(0,(I26*J26+SUMPRODUCT((Закрытые!$B$5:$B$300=$B26)*((Закрытые!$F$5:$F$300+Закрытые!$I$5:$I$300-ABS(Закрытые!$F$5:$F$300-Закрытые!$I$5:$I$300))/2)*(Закрытые!$J$5:$J$300-Закрытые!$G$5:$G$300)))/I26)/(1+N(Ввод!$E$17)/100),""))
H27: =IF(AND(ISNUMBER(F27),ISNUMBER(G27)),F27*G27,"") | K27: =IF(AND(ISNUMBER(I27),ISNUMBER(J27)),I27*J27,"") | L27: =IF(COUNT(F27,I27)=0,"",N(F27)-N(I27)) | M27: =IF(COUNT(H27,K27)=0,"",N(K27)-N(H27)) | N27: =IF(AND(ISNUMBER(F27),ISNUMBER(G27),F27>0,1-N(Ввод!$E$17)/100>0),MAX(0,(F27*G27-SUMPRODUCT((Закрытые!$B$5:$B$300=$B27)*((Закрытые!$F$5:$F$300+Закрытые!$I$5:$I$300-ABS(Закрытые!$F$5:$F$300-Закрытые!$I$5:$I$300))/2)*(Закрытые!$J$5:$J$300-Закрытые!$G$5:$G$300)))/F27)/(1-N(Ввод!$E$17)/100),IF(AND(ISNUMBER(I27),ISNUMBER(J27),I27>0),MAX(0,(I27*J27+SUMPRODUCT((Закрытые!$B$5:$B$300=$B27)*((Закрытые!$F$5:$F$300+Закрытые!$I$5:$I$300-ABS(Закрытые!$F$5:$F$300-Закрытые!$I$5:$I$300))/2)*(Закрытые!$J$5:$J$300-Закрытые!$G$5:$G$300)))/I27)/(1+N(Ввод!$E$17)/100),""))
H28: =IF(AND(ISNUMBER(F28),ISNUMBER(G28)),F28*G28,"") | K28: =IF(AND(ISNUMBER(I28),ISNUMBER(J28)),I28*J28,"") | L28: =IF(COUNT(F28,I28)=0,"",N(F28)-N(I28)) | M28: =IF(COUNT(H28,K28)=0,"",N(K28)-N(H28)) | N28: =IF(AND(ISNUMBER(F28),ISNUMBER(G28),F28>0,1-N(Ввод!$E$17)/100>0),MAX(0,(F28*G28-SUMPRODUCT((Закрытые!$B$5:$B$300=$B28)*((Закрытые!$F$5:$F$300+Закрытые!$I$5:$I$300-ABS(Закрытые!$F$5:$F$300-Закрытые!$I$5:$I$300))/2)*(Закрытые!$J$5:$J$300-Закрытые!$G$5:$G$300)))/F28)/(1-N(Ввод!$E$17)/100),IF(AND(ISNUMBER(I28),ISNUMBER(J28),I28>0),MAX(0,(I28*J28+SUMPRODUCT((Закрытые!$B$5:$B$300=$B28)*((Закрытые!$F$5:$F$300+Закрытые!$I$5:$I$300-ABS(Закрытые!$F$5:$F$300-Закрытые!$I$5:$I$300))/2)*(Закрытые!$J$5:$J$300-Закрытые!$G$5:$G$300)))/I28)/(1+N(Ввод!$E$17)/100),""))
H29: =IF(AND(ISNUMBER(F29),ISNUMBER(G29)),F29*G29,"") | K29: =IF(AND(ISNUMBER(I29),ISNUMBER(J29)),I29*J29,"") | L29: =IF(COUNT(F29,I29)=0,"",N(F29)-N(I29)) | M29: =IF(COUNT(H29,K29)=0,"",N(K29)-N(H29)) | N29: =IF(AND(ISNUMBER(F29),ISNUMBER(G29),F29>0,1-N(Ввод!$E$17)/100>0),MAX(0,(F29*G29-SUMPRODUCT((Закрытые!$B$5:$B$300=$B29)*((Закрытые!$F$5:$F$300+Закрытые!$I$5:$I$300-ABS(Закрытые!$F$5:$F$300-Закрытые!$I$5:$I$300))/2)*(Закрытые!$J$5:$J$300-Закрытые!$G$5:$G$300)))/F29)/(1-N(Ввод!$E$17)/100),IF(AND(ISNUMBER(I29),ISNUMBER(J29),I29>0),MAX(0,(I29*J29+SUMPRODUCT((Закрытые!$B$5:$B$300=$B29)*((Закрытые!$F$5:$F$300+Закрытые!$I$5:$I$300-ABS(Закрытые!$F$5:$F$300-Закрытые!$I$5:$I$300))/2)*(Закрытые!$J$5:$J$300-Закрытые!$G$5:$G$300)))/I29)/(1+N(Ввод!$E$17)/100),""))
H30: =IF(AND(ISNUMBER(F30),ISNUMBER(G30)),F30*G30,"") | K30: =IF(AND(ISNUMBER(I30),ISNUMBER(J30)),I30*J30,"") | L30: =IF(COUNT(F30,I30)=0,"",N(F30)-N(I30)) | M30: =IF(COUNT(H30,K30)=0,"",N(K30)-N(H30)) | N30: =IF(AND(ISNUMBER(F30),ISNUMBER(G30),F30>0,1-N(Ввод!$E$17)/100>0),MAX(0,(F30*G30-SUMPRODUCT((Закрытые!$B$5:$B$300=$B30)*((Закрытые!$F$5:$F$300+Закрытые!$I$5:$I$300-ABS(Закрытые!$F$5:$F$300-Закрытые!$I$5:$I$300))/2)*(Закрытые!$J$5:$J$300-Закрытые!$G$5:$G$300)))/F30)/(1-N(Ввод!$E$17)/100),IF(AND(ISNUMBER(I30),ISNUMBER(J30),I30>0),MAX(0,(I30*J30+SUMPRODUCT((Закрытые!$B$5:$B$300=$B30)*((Закрытые!$F$5:$F$300+Закрытые!$I$5:$I$300-ABS(Закрытые!$F$5:$F$300-Закрытые!$I$5:$I$300))/2)*(Закрытые!$J$5:$J$300-Закрытые!$G$5:$G$300)))/I30)/(1+N(Ввод!$E$17)/100),""))
H31: =IF(AND(ISNUMBER(F31),ISNUMBER(G31)),F31*G31,"") | K31: =IF(AND(ISNUMBER(I31),ISNUMBER(J31)),I31*J31,"") | L31: =IF(COUNT(F31,I31)=0,"",N(F31)-N(I31)) | M31: =IF(COUNT(H31,K31)=0,"",N(K31)-N(H31)) | N31: =IF(AND(ISNUMBER(F31),ISNUMBER(G31),F31>0,1-N(Ввод!$E$17)/100>0),MAX(0,(F31*G31-SUMPRODUCT((Закрытые!$B$5:$B$300=$B31)*((Закрытые!$F$5:$F$300+Закрытые!$I$5:$I$300-ABS(Закрытые!$F$5:$F$300-Закрытые!$I$5:$I$300))/2)*(Закрытые!$J$5:$J$300-Закрытые!$G$5:$G$300)))/F31)/(1-N(Ввод!$E$17)/100),IF(AND(ISNUMBER(I31),ISNUMBER(J31),I31>0),MAX(0,(I31*J31+SUMPRODUCT((Закрытые!$B$5:$B$300=$B31)*((Закрытые!$F$5:$F$300+Закрытые!$I$5:$I$300-ABS(Закрытые!$F$5:$F$300-Закрытые!$I$5:$I$300))/2)*(Закрытые!$J$5:$J$300-Закрытые!$G$5:$G$300)))/I31)/(1+N(Ввод!$E$17)/100),""))
H32: =IF(AND(ISNUMBER(F32),ISNUMBER(G32)),F32*G32,"") | K32: =IF(AND(ISNUMBER(I32),ISNUMBER(J32)),I32*J32,"") | L32: =IF(COUNT(F32,I32)=0,"",N(F32)-N(I32)) | M32: =IF(COUNT(H32,K32)=0,"",N(K32)-N(H32)) | N32: =IF(AND(ISNUMBER(F32),ISNUMBER(G32),F32>0,1-N(Ввод!$E$17)/100>0),MAX(0,(F32*G32-SUMPRODUCT((Закрытые!$B$5:$B$300=$B32)*((Закрытые!$F$5:$F$300+Закрытые!$I$5:$I$300-ABS(Закрытые!$F$5:$F$300-Закрытые!$I$5:$I$300))/2)*(Закрытые!$J$5:$J$300-Закрытые!$G$5:$G$300)))/F32)/(1-N(Ввод!$E$17)/100),IF(AND(ISNUMBER(I32),ISNUMBER(J32),I32>0),MAX(0,(I32*J32+SUMPRODUCT((Закрытые!$B$5:$B$300=$B32)*((Закрытые!$F$5:$F$300+Закрытые!$I$5:$I$300-ABS(Закрытые!$F$5:$F$300-Закрытые!$I$5:$I$300))/2)*(Закрытые!$J$5:$J$300-Закрытые!$G$5:$G$300)))/I32)/(1+N(Ввод!$E$17)/100),""))
H33: =IF(AND(ISNUMBER(F33),ISNUMBER(G33)),F33*G33,"") | K33: =IF(AND(ISNUMBER(I33),ISNUMBER(J33)),I33*J33,"") | L33: =IF(COUNT(F33,I33)=0,"",N(F33)-N(I33)) | M33: =IF(COUNT(H33,K33)=0,"",N(K33)-N(H33)) | N33: =IF(AND(ISNUMBER(F33),ISNUMBER(G33),F33>0,1-N(Ввод!$E$17)/100>0),MAX(0,(F33*G33-SUMPRODUCT((Закрытые!$B$5:$B$300=$B33)*((Закрытые!$F$5:$F$300+Закрытые!$I$5:$I$300-ABS(Закрытые!$F$5:$F$300-Закрытые!$I$5:$I$300))/2)*(Закрытые!$J$5:$J$300-Закрытые!$G$5:$G$300)))/F33)/(1-N(Ввод!$E$17)/100),IF(AND(ISNUMBER(I33),ISNUMBER(J33),I33>0),MAX(0,(I33*J33+SUMPRODUCT((Закрытые!$B$5:$B$300=$B33)*((Закрытые!$F$5:$F$300+Закрытые!$I$5:$I$300-ABS(Закрытые!$F$5:$F$300-Закрытые!$I$5:$I$300))/2)*(Закрытые!$J$5:$J$300-Закрытые!$G$5:$G$300)))/I33)/(1+N(Ввод!$E$17)/100),""))
H34: =IF(AND(ISNUMBER(F34),ISNUMBER(G34)),F34*G34,"") | K34: =IF(AND(ISNUMBER(I34),ISNUMBER(J34)),I34*J34,"") | L34: =IF(COUNT(F34,I34)=0,"",N(F34)-N(I34)) | M34: =IF(COUNT(H34,K34)=0,"",N(K34)-N(H34)) | N34: =IF(AND(ISNUMBER(F34),ISNUMBER(G34),F34>0,1-N(Ввод!$E$17)/100>0),MAX(0,(F34*G34-SUMPRODUCT((Закрытые!$B$5:$B$300=$B34)*((Закрытые!$F$5:$F$300+Закрытые!$I$5:$I$300-ABS(Закрытые!$F$5:$F$300-Закрытые!$I$5:$I$300))/2)*(Закрытые!$J$5:$J$300-Закрытые!$G$5:$G$300)))/F34)/(1-N(Ввод!$E$17)/100),IF(AND(ISNUMBER(I34),ISNUMBER(J34),I34>0),MAX(0,(I34*J34+SUMPRODUCT((Закрытые!$B$5:$B$300=$B34)*((Закрытые!$F$5:$F$300+Закрытые!$I$5:$I$300-ABS(Закрытые!$F$5:$F$300-Закрытые!$I$5:$I$300))/2)*(Закрытые!$J$5:$J$300-Закрытые!$G$5:$G$300)))/I34)/(1+N(Ввод!$E$17)/100),""))
H35: =IF(AND(ISNUMBER(F35),ISNUMBER(G35)),F35*G35,"") | K35: =IF(AND(ISNUMBER(I35),ISNUMBER(J35)),I35*J35,"") | L35: =IF(COUNT(F35,I35)=0,"",N(F35)-N(I35)) | M35: =IF(COUNT(H35,K35)=0,"",N(K35)-N(H35)) | N35: =IF(AND(ISNUMBER(F35),ISNUMBER(G35),F35>0,1-N(Ввод!$E$17)/100>0),MAX(0,(F35*G35-SUMPRODUCT((Закрытые!$B$5:$B$300=$B35)*((Закрытые!$F$5:$F$300+Закрытые!$I$5:$I$300-ABS(Закрытые!$F$5:$F$300-Закрытые!$I$5:$I$300))/2)*(Закрытые!$J$5:$J$300-Закрытые!$G$5:$G$300)))/F35)/(1-N(Ввод!$E$17)/100),IF(AND(ISNUMBER(I35),ISNUMBER(J35),I35>0),MAX(0,(I35*J35+SUMPRODUCT((Закрытые!$B$5:$B$300=$B35)*((Закрытые!$F$5:$F$300+Закрытые!$I$5:$I$300-ABS(Закрытые!$F$5:$F$300-Закрытые!$I$5:$I$300))/2)*(Закрытые!$J$5:$J$300-Закрытые!$G$5:$G$300)))/I35)/(1+N(Ввод!$E$17)/100),""))
H36: =IF(AND(ISNUMBER(F36),ISNUMBER(G36)),F36*G36,"") | K36: =IF(AND(ISNUMBER(I36),ISNUMBER(J36)),I36*J36,"") | L36: =IF(COUNT(F36,I36)=0,"",N(F36)-N(I36)) | M36: =IF(COUNT(H36,K36)=0,"",N(K36)-N(H36)) | N36: =IF(AND(ISNUMBER(F36),ISNUMBER(G36),F36>0,1-N(Ввод!$E$17)/100>0),MAX(0,(F36*G36-SUMPRODUCT((Закрытые!$B$5:$B$300=$B36)*((Закрытые!$F$5:$F$300+Закрытые!$I$5:$I$300-ABS(Закрытые!$F$5:$F$300-Закрытые!$I$5:$I$300))/2)*(Закрытые!$J$5:$J$300-Закрытые!$G$5:$G$300)))/F36)/(1-N(Ввод!$E$17)/100),IF(AND(ISNUMBER(I36),ISNUMBER(J36),I36>0),MAX(0,(I36*J36+SUMPRODUCT((Закрытые!$B$5:$B$300=$B36)*((Закрытые!$F$5:$F$300+Закрытые!$I$5:$I$300-ABS(Закрытые!$F$5:$F$300-Закрытые!$I$5:$I$300))/2)*(Закрытые!$J$5:$J$300-Закрытые!$G$5:$G$300)))/I36)/(1+N(Ввод!$E$17)/100),""))
... H300: =IF(AND(ISNUMBER(F300),ISNUMBER(G300)),F300*G300,"") | K300: =IF(AND(ISNUMBER(I300),ISNUMBER(J300)),I300*J300,"") | L300: =IF(COUNT(F300,I300)=0,"",N(F300)-N(I300)) | M300: =IF(COUNT(H300,K300)=0,"",N(K300)-N(H300)) | N300: =IF(AND(ISNUMBER(F300),ISNUMBER(G300),F300>0,1-N(Ввод!$E$17)/100>0),MAX(0,(F300*G300-SUMPRODUCT((Закрытые!$B$5:$B$300=$B300)*((Закрытые!$F$5:$F$300+Закрытые!$I$5:$I$300-ABS(Закрытые!$F$5:$F$300-Закрытые!$I$5:$I$300))/2)*(Закрытые!$J$5:$J$300-Закрытые!$G$5:$G$300)))/F300)/(1-N(Ввод!$E$17)/100),IF(AND(ISNUMBER(I300),ISNUMBER(J300),I300>0),MAX(0,(I300*J300+SUMPRODUCT((Закрытые!$B$5:$B$300=$B300)*((Закрытые!$F$5:$F$300+Закрытые!$I$5:$I$300-ABS(Закрытые!$F$5:$F$300-Закрытые!$I$5:$I$300))/2)*(Закрытые!$J$5:$J$300-Закрытые!$G$5:$G$300)))/I300)/(1+N(Ввод!$E$17)/100),""))

Sheet ИТОГО Лэндинг
B1: CRYPTO JOURNAL • ИТОГО ЛЭНДИНГ
B4: Пара | C4: Покупка | D4: Курс | E4: Сумма | F4: Продажа | G4: Курс | H4: Сумма | I4: Дельта 1 | J4: Дельта 2 | K4: P&L | L4: P&L% | M4: Break even
B5: AAVE/USDT | C5: =IF(SUMIFS(Лэндинг!$F$5:$F$300,Лэндинг!$E$5:$E$300,$B5)+SUMIFS(Закрытые!$F$5:$F$300,Закрытые!$E$5:$E$300,$B5,Закрытые!$B$5:$B$300,"L-*")=0,"",SUMIFS(Лэндинг!$F$5:$F$300,Лэндинг!$E$5:$E$300,$B5)+SUMIFS(Закрытые!$F$5:$F$300,Закрытые!$E$5:$E$300,$B5,Закрытые!$B$5:$B$300,"L-*")) | D5: =IF(C5="","",(SUMPRODUCT((Лэндинг!$E$5:$E$300=$B5)*Лэндинг!$F$5:$F$300*Лэндинг!$G$5:$G$300)+SUMPRODUCT((Закрытые!$E$5:$E$300=$B5)*(LEFT(Закрытые!$B$5:$B$300,2)="L-")*Закрытые!$F$5:$F$300*Закрытые!$G$5:$G$300))/C5) | E5: =IF(C5="","",SUMIFS(Лэндинг!$H$5:$H$300,Лэндинг!$E$5:$E$300,$B5)+SUMIFS(Закрытые!$H$5:$H$300,Закрытые!$E$5:$E$300,$B5,Закрытые!$B$5:$B$300,"L-*")) | F5: =IF(SUMIFS(Лэндинг!$I$5:$I$300,Лэндинг!$E$5:$E$300,$B5)+SUMIFS(Закрытые!$I$5:$I$300,Закрытые!$E$5:$E$300,$B5,Закрытые!$B$5:$B$300,"L-*")=0,"",SUMIFS(Лэндинг!$I$5:$I$300,Лэндинг!$E$5:$E$300,$B5)+SUMIFS(Закрытые!$I$5:$I$300,Закрытые!$E$5:$E$300,$B5,Закрытые!$B$5:$B$300,"L-*")) | G5: =IF(F5="","",(SUMPRODUCT((Лэндинг!$E$5:$E$300=$B5)*Лэндинг!$I$5:$I$300*Лэндинг!$J$5:$J$300)+SUMPRODUCT((Закрытые!$E$5:$E$300=$B5)*(LEFT(Закрытые!$B$5:$B$300,2)="L-")*Закрытые!$I$5:$I$300*Закрытые!$J$5:$J$300))/F5) | H5: =IF(F5="","",SUMIFS(Лэндинг!$K$5:$K$300,Лэндинг!$E$5:$E$300,$B5)+SUMIFS(Закрытые!$K$5:$K$300,Закрытые!$E$5:$E$300,$B5,Закрытые!$B$5:$B$300,"L-*")) | I5: =IF($B5="","",IF(COUNTIFS(Лэндинг!$E$5:$E$300,$B5)+COUNTIFS(Закрытые!$E$5:$E$300,$B5,Закрытые!$B$5:$B$300,"L-*")=0,"",ROUND(SUMIFS(Лэндинг!$L$5:$L$300,Лэндинг!$E$5:$E$300,$B5)+SUMIFS(Закрытые!$L$5:$L$300,Закрытые!$E$5:$E$300,$B5,Закрытые!$B$5:$B$300,"L-*"),8))) | J5: =IF($B5="","",IF(COUNTIFS(Лэндинг!$E$5:$E$300,$B5)+COUNTIFS(Закрытые!$E$5:$E$300,$B5,Закрытые!$B$5:$B$300,"L-*")=0,"",ROUND(SUMIFS(Лэндинг!$M$5:$M$300,Лэндинг!$E$5:$E$300,$B5)+SUMIFS(Закрытые!$M$5:$M$300,Закрытые!$E$5:$E$300,$B5,Закрытые!$B$5:$B$300,"L-*"),8))) | K5: =IF($B5="","",ROUND(SUMIFS(Закрытые!$N$5:$N$300,Закрытые!$E$5:$E$300,$B5,Закрытые!$B$5:$B$300,"L-*"),8)) | L5: =IF(K5="","",IF(SUMPRODUCT((Закрытые!$E$5:$E$300=$B5)*(LEFT(Закрытые!$B$5:$B$300,2)="L-")*(COUNTIF(Лэндинг!$B$5:$B$300,Закрытые!$B$5:$B$300)=0)*((Закрытые!$F$5:$F$300+Закрытые!$I$5:$I$300-ABS(Закрытые!$F$5:$F$300-Закрытые!$I$5:$I$300))/2)*Закрытые!$G$5:$G$300)<=0,0,ROUND(K5/SUMPRODUCT((Закрытые!$E$5:$E$300=$B5)*(LEFT(Закрытые!$B$5:$B$300,2)="L-")*(COUNTIF(Лэндинг!$B$5:$B$300,Закрытые!$B$5:$B$300)=0)*((Закрытые!$F$5:$F$300+Закрытые!$I$5:$I$300-ABS(Закрытые!$F$5:$F$300-Закрытые!$I$5:$I$300))/2)*Закрытые!$G$5:$G$300)*100,2))) | M5: =IF(OR(ROUND(N(C5)-N(F5),8)=0,1-N(Ввод!$E$17)/100<=0),"",IF(N(C5)>N(F5),(N(E5)-N(H5))/((N(C5)-N(F5))*(1-N(Ввод!$E$17)/100)),(N(H5)-N(E5))/((N(F5)-N(C5))*(1+N(Ввод!$E$17)/100))))
B6: BNB/BTC | C6: =IF(SUMIFS(Лэндинг!$F$5:$F$300,Лэндинг!$E$5:$E$300,$B6)+SUMIFS(Закрытые!$F$5:$F$300,Закрытые!$E$5:$E$300,$B6,Закрытые!$B$5:$B$300,"L-*")=0,"",SUMIFS(Лэндинг!$F$5:$F$300,Лэндинг!$E$5:$E$300,$B6)+SUMIFS(Закрытые!$F$5:$F$300,Закрытые!$E$5:$E$300,$B6,Закрытые!$B$5:$B$300,"L-*")) | D6: =IF(C6="","",(SUMPRODUCT((Лэндинг!$E$5:$E$300=$B6)*Лэндинг!$F$5:$F$300*Лэндинг!$G$5:$G$300)+SUMPRODUCT((Закрытые!$E$5:$E$300=$B6)*(LEFT(Закрытые!$B$5:$B$300,2)="L-")*Закрытые!$F$5:$F$300*Закрытые!$G$5:$G$300))/C6) | E6: =IF(C6="","",SUMIFS(Лэндинг!$H$5:$H$300,Лэндинг!$E$5:$E$300,$B6)+SUMIFS(Закрытые!$H$5:$H$300,Закрытые!$E$5:$E$300,$B6,Закрытые!$B$5:$B$300,"L-*")) | F6: =IF(SUMIFS(Лэндинг!$I$5:$I$300,Лэндинг!$E$5:$E$300,$B6)+SUMIFS(Закрытые!$I$5:$I$300,Закрытые!$E$5:$E$300,$B6,Закрытые!$B$5:$B$300,"L-*")=0,"",SUMIFS(Лэндинг!$I$5:$I$300,Лэндинг!$E$5:$E$300,$B6)+SUMIFS(Закрытые!$I$5:$I$300,Закрытые!$E$5:$E$300,$B6,Закрытые!$B$5:$B$300,"L-*")) | G6: =IF(F6="","",(SUMPRODUCT((Лэндинг!$E$5:$E$300=$B6)*Лэндинг!$I$5:$I$300*Лэндинг!$J$5:$J$300)+SUMPRODUCT((Закрытые!$E$5:$E$300=$B6)*(LEFT(Закрытые!$B$5:$B$300,2)="L-")*Закрытые!$I$5:$I$300*Закрытые!$J$5:$J$300))/F6) | H6: =IF(F6="","",SUMIFS(Лэндинг!$K$5:$K$300,Лэндинг!$E$5:$E$300,$B6)+SUMIFS(Закрытые!$K$5:$K$300,Закрытые!$E$5:$E$300,$B6,Закрытые!$B$5:$B$300,"L-*")) | I6: =IF($B6="","",IF(COUNTIFS(Лэндинг!$E$5:$E$300,$B6)+COUNTIFS(Закрытые!$E$5:$E$300,$B6,Закрытые!$B$5:$B$300,"L-*")=0,"",ROUND(SUMIFS(Лэндинг!$L$5:$L$300,Лэндинг!$E$5:$E$300,$B6)+SUMIFS(Закрытые!$L$5:$L$300,Закрытые!$E$5:$E$300,$B6,Закрытые!$B$5:$B$300,"L-*"),8))) | J6: =IF($B6="","",IF(COUNTIFS(Лэндинг!$E$5:$E$300,$B6)+COUNTIFS(Закрытые!$E$5:$E$300,$B6,Закрытые!$B$5:$B$300,"L-*")=0,"",ROUND(SUMIFS(Лэндинг!$M$5:$M$300,Лэндинг!$E$5:$E$300,$B6)+SUMIFS(Закрытые!$M$5:$M$300,Закрытые!$E$5:$E$300,$B6,Закрытые!$B$5:$B$300,"L-*"),8))) | K6: =IF($B6="","",ROUND(SUMIFS(Закрытые!$N$5:$N$300,Закрытые!$E$5:$E$300,$B6,Закрытые!$B$5:$B$300,"L-*"),8)) | L6: =IF(K6="","",IF(SUMPRODUCT((Закрытые!$E$5:$E$300=$B6)*(LEFT(Закрытые!$B$5:$B$300,2)="L-")*(COUNTIF(Лэндинг!$B$5:$B$300,Закрытые!$B$5:$B$300)=0)*((Закрытые!$F$5:$F$300+Закрытые!$I$5:$I$300-ABS(Закрытые!$F$5:$F$300-Закрытые!$I$5:$I$300))/2)*Закрытые!$G$5:$G$300)<=0,0,ROUND(K6/SUMPRODUCT((Закрытые!$E$5:$E$300=$B6)*(LEFT(Закрытые!$B$5:$B$300,2)="L-")*(COUNTIF(Лэндинг!$B$5:$B$300,Закрытые!$B$5:$B$300)=0)*((Закрытые!$F$5:$F$300+Закрытые!$I$5:$I$300-ABS(Закрытые!$F$5:$F$300-Закрытые!$I$5:$I$300))/2)*Закрытые!$G$5:$G$300)*100,2))) | M6: =IF(OR(ROUND(N(C6)-N(F6),8)=0,1-N(Ввод!$E$17)/100<=0),"",IF(N(C6)>N(F6),(N(E6)-N(H6))/((N(C6)-N(F6))*(1-N(Ввод!$E$17)/100)),(N(H6)-N(E6))/((N(F6)-N(C6))*(1+N(Ввод!$E$17)/100))))
B7: BNB/ETH | C7: =IF(SUMIFS(Лэндинг!$F$5:$F$300,Лэндинг!$E$5:$E$300,$B7)+SUMIFS(Закрытые!$F$5:$F$300,Закрытые!$E$5:$E$300,$B7,Закрытые!$B$5:$B$300,"L-*")=0,"",SUMIFS(Лэндинг!$F$5:$F$300,Лэндинг!$E$5:$E$300,$B7)+SUMIFS(Закрытые!$F$5:$F$300,Закрытые!$E$5:$E$300,$B7,Закрытые!$B$5:$B$300,"L-*")) | D7: =IF(C7="","",(SUMPRODUCT((Лэндинг!$E$5:$E$300=$B7)*Лэндинг!$F$5:$F$300*Лэндинг!$G$5:$G$300)+SUMPRODUCT((Закрытые!$E$5:$E$300=$B7)*(LEFT(Закрытые!$B$5:$B$300,2)="L-")*Закрытые!$F$5:$F$300*Закрытые!$G$5:$G$300))/C7) | E7: =IF(C7="","",SUMIFS(Лэндинг!$H$5:$H$300,Лэндинг!$E$5:$E$300,$B7)+SUMIFS(Закрытые!$H$5:$H$300,Закрытые!$E$5:$E$300,$B7,Закрытые!$B$5:$B$300,"L-*")) | F7: =IF(SUMIFS(Лэндинг!$I$5:$I$300,Лэндинг!$E$5:$E$300,$B7)+SUMIFS(Закрытые!$I$5:$I$300,Закрытые!$E$5:$E$300,$B7,Закрытые!$B$5:$B$300,"L-*")=0,"",SUMIFS(Лэндинг!$I$5:$I$300,Лэндинг!$E$5:$E$300,$B7)+SUMIFS(Закрытые!$I$5:$I$300,Закрытые!$E$5:$E$300,$B7,Закрытые!$B$5:$B$300,"L-*")) | G7: =IF(F7="","",(SUMPRODUCT((Лэндинг!$E$5:$E$300=$B7)*Лэндинг!$I$5:$I$300*Лэндинг!$J$5:$J$300)+SUMPRODUCT((Закрытые!$E$5:$E$300=$B7)*(LEFT(Закрытые!$B$5:$B$300,2)="L-")*Закрытые!$I$5:$I$300*Закрытые!$J$5:$J$300))/F7) | H7: =IF(F7="","",SUMIFS(Лэндинг!$K$5:$K$300,Лэндинг!$E$5:$E$300,$B7)+SUMIFS(Закрытые!$K$5:$K$300,Закрытые!$E$5:$E$300,$B7,Закрытые!$B$5:$B$300,"L-*")) | I7: =IF($B7="","",IF(COUNTIFS(Лэндинг!$E$5:$E$300,$B7)+COUNTIFS(Закрытые!$E$5:$E$300,$B7,Закрытые!$B$5:$B$300,"L-*")=0,"",ROUND(SUMIFS(Лэндинг!$L$5:$L$300,Лэндинг!$E$5:$E$300,$B7)+SUMIFS(Закрытые!$L$5:$L$300,Закрытые!$E$5:$E$300,$B7,Закрытые!$B$5:$B$300,"L-*"),8))) | J7: =IF($B7="","",IF(COUNTIFS(Лэндинг!$E$5:$E$300,$B7)+COUNTIFS(Закрытые!$E$5:$E$300,$B7,Закрытые!$B$5:$B$300,"L-*")=0,"",ROUND(SUMIFS(Лэндинг!$M$5:$M$300,Лэндинг!$E$5:$E$300,$B7)+SUMIFS(Закрытые!$M$5:$M$300,Закрытые!$E$5:$E$300,$B7,Закрытые!$B$5:$B$300,"L-*"),8))) | K7: =IF($B7="","",ROUND(SUMIFS(Закрытые!$N$5:$N$300,Закрытые!$E$5:$E$300,$B7,Закрытые!$B$5:$B$300,"L-*"),8)) | L7: =IF(K7="","",IF(SUMPRODUCT((Закрытые!$E$5:$E$300=$B7)*(LEFT(Закрытые!$B$5:$B$300,2)="L-")*(COUNTIF(Лэндинг!$B$5:$B$300,Закрытые!$B$5:$B$300)=0)*((Закрытые!$F$5:$F$300+Закрытые!$I$5:$I$300-ABS(Закрытые!$F$5:$F$300-Закрытые!$I$5:$I$300))/2)*Закрытые!$G$5:$G$300)<=0,0,ROUND(K7/SUMPRODUCT((Закрытые!$E$5:$E$300=$B7)*(LEFT(Закрытые!$B$5:$B$300,2)="L-")*(COUNTIF(Лэндинг!$B$5:$B$300,Закрытые!$B$5:$B$300)=0)*((Закрытые!$F$5:$F$300+Закрытые!$I$5:$I$300-ABS(Закрытые!$F$5:$F$300-Закрытые!$I$5:$I$300))/2)*Закрытые!$G$5:$G$300)*100,2))) | M7: =IF(OR(ROUND(N(C7)-N(F7),8)=0,1-N(Ввод!$E$17)/100<=0),"",IF(N(C7)>N(F7),(N(E7)-N(H7))/((N(C7)-N(F7))*(1-N(Ввод!$E$17)/100)),(N(H7)-N(E7))/((N(F7)-N(C7))*(1+N(Ввод!$E$17)/100))))
B8: BNB/USDT | C8: =IF(SUMIFS(Лэндинг!$F$5:$F$300,Лэндинг!$E$5:$E$300,$B8)+SUMIFS(Закрытые!$F$5:$F$300,Закрытые!$E$5:$E$300,$B8,Закрытые!$B$5:$B$300,"L-*")=0,"",SUMIFS(Лэндинг!$F$5:$F$300,Лэндинг!$E$5:$E$300,$B8)+SUMIFS(Закрытые!$F$5:$F$300,Закрытые!$E$5:$E$300,$B8,Закрытые!$B$5:$B$300,"L-*")) | D8: =IF(C8="","",(SUMPRODUCT((Лэндинг!$E$5:$E$300=$B8)*Лэндинг!$F$5:$F$300*Лэндинг!$G$5:$G$300)+SUMPRODUCT((Закрытые!$E$5:$E$300=$B8)*(LEFT(Закрытые!$B$5:$B$300,2)="L-")*Закрытые!$F$5:$F$300*Закрытые!$G$5:$G$300))/C8) | E8: =IF(C8="","",SUMIFS(Лэндинг!$H$5:$H$300,Лэндинг!$E$5:$E$300,$B8)+SUMIFS(Закрытые!$H$5:$H$300,Закрытые!$E$5:$E$300,$B8,Закрытые!$B$5:$B$300,"L-*")) | F8: =IF(SUMIFS(Лэндинг!$I$5:$I$300,Лэндинг!$E$5:$E$300,$B8)+SUMIFS(Закрытые!$I$5:$I$300,Закрытые!$E$5:$E$300,$B8,Закрытые!$B$5:$B$300,"L-*")=0,"",SUMIFS(Лэндинг!$I$5:$I$300,Лэндинг!$E$5:$E$300,$B8)+SUMIFS(Закрытые!$I$5:$I$300,Закрытые!$E$5:$E$300,$B8,Закрытые!$B$5:$B$300,"L-*")) | G8: =IF(F8="","",(SUMPRODUCT((Лэндинг!$E$5:$E$300=$B8)*Лэндинг!$I$5:$I$300*Лэндинг!$J$5:$J$300)+SUMPRODUCT((Закрытые!$E$5:$E$300=$B8)*(LEFT(Закрытые!$B$5:$B$300,2)="L-")*Закрытые!$I$5:$I$300*Закрытые!$J$5:$J$300))/F8) | H8: =IF(F8="","",SUMIFS(Лэндинг!$K$5:$K$300,Лэндинг!$E$5:$E$300,$B8)+SUMIFS(Закрытые!$K$5:$K$300,Закрытые!$E$5:$E$300,$B8,Закрытые!$B$5:$B$300,"L-*")) | I8: =IF($B8="","",IF(COUNTIFS(Лэндинг!$E$5:$E$300,$B8)+COUNTIFS(Закрытые!$E$5:$E$300,$B8,Закрытые!$B$5:$B$300,"L-*")=0,"",ROUND(SUMIFS(Лэндинг!$L$5:$L$300,Лэндинг!$E$5:$E$300,$B8)+SUMIFS(Закрытые!$L$5:$L$300,Закрытые!$E$5:$E$300,$B8,Закрытые!$B$5:$B$300,"L-*"),8))) | J8: =IF($B8="","",IF(COUNTIFS(Лэндинг!$E$5:$E$300,$B8)+COUNTIFS(Закрытые!$E$5:$E$300,$B8,Закрытые!$B$5:$B$300,"L-*")=0,"",ROUND(SUMIFS(Лэндинг!$M$5:$M$300,Лэндинг!$E$5:$E$300,$B8)+SUMIFS(Закрытые!$M$5:$M$300,Закрытые!$E$5:$E$300,$B8,Закрытые!$B$5:$B$300,"L-*"),8))) | K8: =IF($B8="","",ROUND(SUMIFS(Закрытые!$N$5:$N$300,Закрытые!$E$5:$E$300,$B8,Закрытые!$B$5:$B$300,"L-*"),8)) | L8: =IF(K8="","",IF(SUMPRODUCT((Закрытые!$E$5:$E$300=$B8)*(LEFT(Закрытые!$B$5:$B$300,2)="L-")*(COUNTIF(Лэндинг!$B$5:$B$300,Закрытые!$B$5:$B$300)=0)*((Закрытые!$F$5:$F$300+Закрытые!$I$5:$I$300-ABS(Закрытые!$F$5:$F$300-Закрытые!$I$5:$I$300))/2)*Закрытые!$G$5:$G$300)<=0,0,ROUND(K8/SUMPRODUCT((Закрытые!$E$5:$E$300=$B8)*(LEFT(Закрытые!$B$5:$B$300,2)="L-")*(COUNTIF(Лэндинг!$B$5:$B$300,Закрытые!$B$5:$B$300)=0)*((Закрытые!$F$5:$F$300+Закрытые!$I$5:$I$300-ABS(Закрытые!$F$5:$F$300-Закрытые!$I$5:$I$300))/2)*Закрытые!$G$5:$G$300)*100,2))) | M8: =IF(OR(ROUND(N(C8)-N(F8),8)=0,1-N(Ввод!$E$17)/100<=0),"",IF(N(C8)>N(F8),(N(E8)-N(H8))/((N(C8)-N(F8))*(1-N(Ввод!$E$17)/100)),(N(H8)-N(E8))/((N(F8)-N(C8))*(1+N(Ввод!$E$17)/100))))
B9: BTC/USDT | C9: =IF(SUMIFS(Лэндинг!$F$5:$F$300,Лэндинг!$E$5:$E$300,$B9)+SUMIFS(Закрытые!$F$5:$F$300,Закрытые!$E$5:$E$300,$B9,Закрытые!$B$5:$B$300,"L-*")=0,"",SUMIFS(Лэндинг!$F$5:$F$300,Лэндинг!$E$5:$E$300,$B9)+SUMIFS(Закрытые!$F$5:$F$300,Закрытые!$E$5:$E$300,$B9,Закрытые!$B$5:$B$300,"L-*")) | D9: =IF(C9="","",(SUMPRODUCT((Лэндинг!$E$5:$E$300=$B9)*Лэндинг!$F$5:$F$300*Лэндинг!$G$5:$G$300)+SUMPRODUCT((Закрытые!$E$5:$E$300=$B9)*(LEFT(Закрытые!$B$5:$B$300,2)="L-")*Закрытые!$F$5:$F$300*Закрытые!$G$5:$G$300))/C9) | E9: =IF(C9="","",SUMIFS(Лэндинг!$H$5:$H$300,Лэндинг!$E$5:$E$300,$B9)+SUMIFS(Закрытые!$H$5:$H$300,Закрытые!$E$5:$E$300,$B9,Закрытые!$B$5:$B$300,"L-*")) | F9: =IF(SUMIFS(Лэндинг!$I$5:$I$300,Лэндинг!$E$5:$E$300,$B9)+SUMIFS(Закрытые!$I$5:$I$300,Закрытые!$E$5:$E$300,$B9,Закрытые!$B$5:$B$300,"L-*")=0,"",SUMIFS(Лэндинг!$I$5:$I$300,Лэндинг!$E$5:$E$300,$B9)+SUMIFS(Закрытые!$I$5:$I$300,Закрытые!$E$5:$E$300,$B9,Закрытые!$B$5:$B$300,"L-*")) | G9: =IF(F9="","",(SUMPRODUCT((Лэндинг!$E$5:$E$300=$B9)*Лэндинг!$I$5:$I$300*Лэндинг!$J$5:$J$300)+SUMPRODUCT((Закрытые!$E$5:$E$300=$B9)*(LEFT(Закрытые!$B$5:$B$300,2)="L-")*Закрытые!$I$5:$I$300*Закрытые!$J$5:$J$300))/F9) | H9: =IF(F9="","",SUMIFS(Лэндинг!$K$5:$K$300,Лэндинг!$E$5:$E$300,$B9)+SUMIFS(Закрытые!$K$5:$K$300,Закрытые!$E$5:$E$300,$B9,Закрытые!$B$5:$B$300,"L-*")) | I9: =IF($B9="","",IF(COUNTIFS(Лэндинг!$E$5:$E$300,$B9)+COUNTIFS(Закрытые!$E$5:$E$300,$B9,Закрытые!$B$5:$B$300,"L-*")=0,"",ROUND(SUMIFS(Лэндинг!$L$5:$L$300,Лэндинг!$E$5:$E$300,$B9)+SUMIFS(Закрытые!$L$5:$L$300,Закрытые!$E$5:$E$300,$B9,Закрытые!$B$5:$B$300,"L-*"),8))) | J9: =IF($B9="","",IF(COUNTIFS(Лэндинг!$E$5:$E$300,$B9)+COUNTIFS(Закрытые!$E$5:$E$300,$B9,Закрытые!$B$5:$B$300,"L-*")=0,"",ROUND(SUMIFS(Лэндинг!$M$5:$M$300,Лэндинг!$E$5:$E$300,$B9)+SUMIFS(Закрытые!$M$5:$M$300,Закрытые!$E$5:$E$300,$B9,Закрытые!$B$5:$B$300,"L-*"),8))) | K9: =IF($B9="","",ROUND(SUMIFS(Закрытые!$N$5:$N$300,Закрытые!$E$5:$E$300,$B9,Закрытые!$B$5:$B$300,"L-*"),8)) | L9: =IF(K9="","",IF(SUMPRODUCT((Закрытые!$E$5:$E$300=$B9)*(LEFT(Закрытые!$B$5:$B$300,2)="L-")*(COUNTIF(Лэндинг!$B$5:$B$300,Закрытые!$B$5:$B$300)=0)*((Закрытые!$F$5:$F$300+Закрытые!$I$5:$I$300-ABS(Закрытые!$F$5:$F$300-Закрытые!$I$5:$I$300))/2)*Закрытые!$G$5:$G$300)<=0,0,ROUND(K9/SUMPRODUCT((Закрытые!$E$5:$E$300=$B9)*(LEFT(Закрытые!$B$5:$B$300,2)="L-")*(COUNTIF(Лэндинг!$B$5:$B$300,Закрытые!$B$5:$B$300)=0)*((Закрытые!$F$5:$F$300+Закрытые!$I$5:$I$300-ABS(Закрытые!$F$5:$F$300-Закрытые!$I$5:$I$300))/2)*Закрытые!$G$5:$G$300)*100,2))) | M9: =IF(OR(ROUND(N(C9)-N(F9),8)=0,1-N(Ввод!$E$17)/100<=0),"",IF(N(C9)>N(F9),(N(E9)-N(H9))/((N(C9)-N(F9))*(1-N(Ввод!$E$17)/100)),(N(H9)-N(E9))/((N(F9)-N(C9))*(1+N(Ввод!$E$17)/100))))
B10: CAKE/BTC | C10: =IF(SUMIFS(Лэндинг!$F$5:$F$300,Лэндинг!$E$5:$E$300,$B10)+SUMIFS(Закрытые!$F$5:$F$300,Закрытые!$E$5:$E$300,$B10,Закрытые!$B$5:$B$300,"L-*")=0,"",SUMIFS(Лэндинг!$F$5:$F$300,Лэндинг!$E$5:$E$300,$B10)+SUMIFS(Закрытые!$F$5:$F$300,Закрытые!$E$5:$E$300,$B10,Закрытые!$B$5:$B$300,"L-*")) | D10: =IF(C10="","",(SUMPRODUCT((Лэндинг!$E$5:$E$300=$B10)*Лэндинг!$F$5:$F$300*Лэндинг!$G$5:$G$300)+SUMPRODUCT((Закрытые!$E$5:$E$300=$B10)*(LEFT(Закрытые!$B$5:$B$300,2)="L-")*Закрытые!$F$5:$F$300*Закрытые!$G$5:$G$300))/C10) | E10: =IF(C10="","",SUMIFS(Лэндинг!$H$5:$H$300,Лэндинг!$E$5:$E$300,$B10)+SUMIFS(Закрытые!$H$5:$H$300,Закрытые!$E$5:$E$300,$B10,Закрытые!$B$5:$B$300,"L-*")) | F10: =IF(SUMIFS(Лэндинг!$I$5:$I$300,Лэндинг!$E$5:$E$300,$B10)+SUMIFS(Закрытые!$I$5:$I$300,Закрытые!$E$5:$E$300,$B10,Закрытые!$B$5:$B$300,"L-*")=0,"",SUMIFS(Лэндинг!$I$5:$I$300,Лэндинг!$E$5:$E$300,$B10)+SUMIFS(Закрытые!$I$5:$I$300,Закрытые!$E$5:$E$300,$B10,Закрытые!$B$5:$B$300,"L-*")) | G10: =IF(F10="","",(SUMPRODUCT((Лэндинг!$E$5:$E$300=$B10)*Лэндинг!$I$5:$I$300*Лэндинг!$J$5:$J$300)+SUMPRODUCT((Закрытые!$E$5:$E$300=$B10)*(LEFT(Закрытые!$B$5:$B$300,2)="L-")*Закрытые!$I$5:$I$300*Закрытые!$J$5:$J$300))/F10) | H10: =IF(F10="","",SUMIFS(Лэндинг!$K$5:$K$300,Лэндинг!$E$5:$E$300,$B10)+SUMIFS(Закрытые!$K$5:$K$300,Закрытые!$E$5:$E$300,$B10,Закрытые!$B$5:$B$300,"L-*")) | I10: =IF($B10="","",IF(COUNTIFS(Лэндинг!$E$5:$E$300,$B10)+COUNTIFS(Закрытые!$E$5:$E$300,$B10,Закрытые!$B$5:$B$300,"L-*")=0,"",ROUND(SUMIFS(Лэндинг!$L$5:$L$300,Лэндинг!$E$5:$E$300,$B10)+SUMIFS(Закрытые!$L$5:$L$300,Закрытые!$E$5:$E$300,$B10,Закрытые!$B$5:$B$300,"L-*"),8))) | J10: =IF($B10="","",IF(COUNTIFS(Лэндинг!$E$5:$E$300,$B10)+COUNTIFS(Закрытые!$E$5:$E$300,$B10,Закрытые!$B$5:$B$300,"L-*")=0,"",ROUND(SUMIFS(Лэндинг!$M$5:$M$300,Лэндинг!$E$5:$E$300,$B10)+SUMIFS(Закрытые!$M$5:$M$300,Закрытые!$E$5:$E$300,$B10,Закрытые!$B$5:$B$300,"L-*"),8))) | K10: =IF($B10="","",ROUND(SUMIFS(Закрытые!$N$5:$N$300,Закрытые!$E$5:$E$300,$B10,Закрытые!$B$5:$B$300,"L-*"),8)) | L10: =IF(K10="","",IF(SUMPRODUCT((Закрытые!$E$5:$E$300=$B10)*(LEFT(Закрытые!$B$5:$B$300,2)="L-")*(COUNTIF(Лэндинг!$B$5:$B$300,Закрытые!$B$5:$B$300)=0)*((Закрытые!$F$5:$F$300+Закрытые!$I$5:$I$300-ABS(Закрытые!$F$5:$F$300-Закрытые!$I$5:$I$300))/2)*Закрытые!$G$5:$G$300)<=0,0,ROUND(K10/SUMPRODUCT((Закрытые!$E$5:$E$300=$B10)*(LEFT(Закрытые!$B$5:$B$300,2)="L-")*(COUNTIF(Лэндинг!$B$5:$B$300,Закрытые!$B$5:$B$300)=0)*((Закрытые!$F$5:$F$300+Закрытые!$I$5:$I$300-ABS(Закрытые!$F$5:$F$300-Закрытые!$I$5:$I$300))/2)*Закрытые!$G$5:$G$300)*100,2))) | M10: =IF(OR(ROUND(N(C10)-N(F10),8)=0,1-N(Ввод!$E$17)/100<=0),"",IF(N(C10)>N(F10),(N(E10)-N(H10))/((N(C10)-N(F10))*(1-N(Ввод!$E$17)/100)),(N(H10)-N(E10))/((N(F10)-N(C10))*(1+N(Ввод!$E$17)/100))))
B11: CAKE/ETH | C11: =IF(SUMIFS(Лэндинг!$F$5:$F$300,Лэндинг!$E$5:$E$300,$B11)+SUMIFS(Закрытые!$F$5:$F$300,Закрытые!$E$5:$E$300,$B11,Закрытые!$B$5:$B$300,"L-*")=0,"",SUMIFS(Лэндинг!$F$5:$F$300,Лэндинг!$E$5:$E$300,$B11)+SUMIFS(Закрытые!$F$5:$F$300,Закрытые!$E$5:$E$300,$B11,Закрытые!$B$5:$B$300,"L-*")) | D11: =IF(C11="","",(SUMPRODUCT((Лэндинг!$E$5:$E$300=$B11)*Лэндинг!$F$5:$F$300*Лэндинг!$G$5:$G$300)+SUMPRODUCT((Закрытые!$E$5:$E$300=$B11)*(LEFT(Закрытые!$B$5:$B$300,2)="L-")*Закрытые!$F$5:$F$300*Закрытые!$G$5:$G$300))/C11) | E11: =IF(C11="","",SUMIFS(Лэндинг!$H$5:$H$300,Лэндинг!$E$5:$E$300,$B11)+SUMIFS(Закрытые!$H$5:$H$300,Закрытые!$E$5:$E$300,$B11,Закрытые!$B$5:$B$300,"L-*")) | F11: =IF(SUMIFS(Лэндинг!$I$5:$I$300,Лэндинг!$E$5:$E$300,$B11)+SUMIFS(Закрытые!$I$5:$I$300,Закрытые!$E$5:$E$300,$B11,Закрытые!$B$5:$B$300,"L-*")=0,"",SUMIFS(Лэндинг!$I$5:$I$300,Лэндинг!$E$5:$E$300,$B11)+SUMIFS(Закрытые!$I$5:$I$300,Закрытые!$E$5:$E$300,$B11,Закрытые!$B$5:$B$300,"L-*")) | G11: =IF(F11="","",(SUMPRODUCT((Лэндинг!$E$5:$E$300=$B11)*Лэндинг!$I$5:$I$300*Лэндинг!$J$5:$J$300)+SUMPRODUCT((Закрытые!$E$5:$E$300=$B11)*(LEFT(Закрытые!$B$5:$B$300,2)="L-")*Закрытые!$I$5:$I$300*Закрытые!$J$5:$J$300))/F11) | H11: =IF(F11="","",SUMIFS(Лэндинг!$K$5:$K$300,Лэндинг!$E$5:$E$300,$B11)+SUMIFS(Закрытые!$K$5:$K$300,Закрытые!$E$5:$E$300,$B11,Закрытые!$B$5:$B$300,"L-*")) | I11: =IF($B11="","",IF(COUNTIFS(Лэндинг!$E$5:$E$300,$B11)+COUNTIFS(Закрытые!$E$5:$E$300,$B11,Закрытые!$B$5:$B$300,"L-*")=0,"",ROUND(SUMIFS(Лэндинг!$L$5:$L$300,Лэндинг!$E$5:$E$300,$B11)+SUMIFS(Закрытые!$L$5:$L$300,Закрытые!$E$5:$E$300,$B11,Закрытые!$B$5:$B$300,"L-*"),8))) | J11: =IF($B11="","",IF(COUNTIFS(Лэндинг!$E$5:$E$300,$B11)+COUNTIFS(Закрытые!$E$5:$E$300,$B11,Закрытые!$B$5:$B$300,"L-*")=0,"",ROUND(SUMIFS(Лэндинг!$M$5:$M$300,Лэндинг!$E$5:$E$300,$B11)+SUMIFS(Закрытые!$M$5:$M$300,Закрытые!$E$5:$E$300,$B11,Закрытые!$B$5:$B$300,"L-*"),8))) | K11: =IF($B11="","",ROUND(SUMIFS(Закрытые!$N$5:$N$300,Закрытые!$E$5:$E$300,$B11,Закрытые!$B$5:$B$300,"L-*"),8)) | L11: =IF(K11="","",IF(SUMPRODUCT((Закрытые!$E$5:$E$300=$B11)*(LEFT(Закрытые!$B$5:$B$300,2)="L-")*(COUNTIF(Лэндинг!$B$5:$B$300,Закрытые!$B$5:$B$300)=0)*((Закрытые!$F$5:$F$300+Закрытые!$I$5:$I$300-ABS(Закрытые!$F$5:$F$300-Закрытые!$I$5:$I$300))/2)*Закрытые!$G$5:$G$300)<=0,0,ROUND(K11/SUMPRODUCT((Закрытые!$E$5:$E$300=$B11)*(LEFT(Закрытые!$B$5:$B$300,2)="L-")*(COUNTIF(Лэндинг!$B$5:$B$300,Закрытые!$B$5:$B$300)=0)*((Закрытые!$F$5:$F$300+Закрытые!$I$5:$I$300-ABS(Закрытые!$F$5:$F$300-Закрытые!$I$5:$I$300))/2)*Закрытые!$G$5:$G$300)*100,2))) | M11: =IF(OR(ROUND(N(C11)-N(F11),8)=0,1-N(Ввод!$E$17)/100<=0),"",IF(N(C11)>N(F11),(N(E11)-N(H11))/((N(C11)-N(F11))*(1-N(Ввод!$E$17)/100)),(N(H11)-N(E11))/((N(F11)-N(C11))*(1+N(Ввод!$E$17)/100))))
B12: ETH/BTC | C12: =IF(SUMIFS(Лэндинг!$F$5:$F$300,Лэндинг!$E$5:$E$300,$B12)+SUMIFS(Закрытые!$F$5:$F$300,Закрытые!$E$5:$E$300,$B12,Закрытые!$B$5:$B$300,"L-*")=0,"",SUMIFS(Лэндинг!$F$5:$F$300,Лэндинг!$E$5:$E$300,$B12)+SUMIFS(Закрытые!$F$5:$F$300,Закрытые!$E$5:$E$300,$B12,Закрытые!$B$5:$B$300,"L-*")) | D12: =IF(C12="","",(SUMPRODUCT((Лэндинг!$E$5:$E$300=$B12)*Лэндинг!$F$5:$F$300*Лэндинг!$G$5:$G$300)+SUMPRODUCT((Закрытые!$E$5:$E$300=$B12)*(LEFT(Закрытые!$B$5:$B$300,2)="L-")*Закрытые!$F$5:$F$300*Закрытые!$G$5:$G$300))/C12) | E12: =IF(C12="","",SUMIFS(Лэндинг!$H$5:$H$300,Лэндинг!$E$5:$E$300,$B12)+SUMIFS(Закрытые!$H$5:$H$300,Закрытые!$E$5:$E$300,$B12,Закрытые!$B$5:$B$300,"L-*")) | F12: =IF(SUMIFS(Лэндинг!$I$5:$I$300,Лэндинг!$E$5:$E$300,$B12)+SUMIFS(Закрытые!$I$5:$I$300,Закрытые!$E$5:$E$300,$B12,Закрытые!$B$5:$B$300,"L-*")=0,"",SUMIFS(Лэндинг!$I$5:$I$300,Лэндинг!$E$5:$E$300,$B12)+SUMIFS(Закрытые!$I$5:$I$300,Закрытые!$E$5:$E$300,$B12,Закрытые!$B$5:$B$300,"L-*")) | G12: =IF(F12="","",(SUMPRODUCT((Лэндинг!$E$5:$E$300=$B12)*Лэндинг!$I$5:$I$300*Лэндинг!$J$5:$J$300)+SUMPRODUCT((Закрытые!$E$5:$E$300=$B12)*(LEFT(Закрытые!$B$5:$B$300,2)="L-")*Закрытые!$I$5:$I$300*Закрытые!$J$5:$J$300))/F12) | H12: =IF(F12="","",SUMIFS(Лэндинг!$K$5:$K$300,Лэндинг!$E$5:$E$300,$B12)+SUMIFS(Закрытые!$K$5:$K$300,Закрытые!$E$5:$E$300,$B12,Закрытые!$B$5:$B$300,"L-*")) | I12: =IF($B12="","",IF(COUNTIFS(Лэндинг!$E$5:$E$300,$B12)+COUNTIFS(Закрытые!$E$5:$E$300,$B12,Закрытые!$B$5:$B$300,"L-*")=0,"",ROUND(SUMIFS(Лэндинг!$L$5:$L$300,Лэндинг!$E$5:$E$300,$B12)+SUMIFS(Закрытые!$L$5:$L$300,Закрытые!$E$5:$E$300,$B12,Закрытые!$B$5:$B$300,"L-*"),8))) | J12: =IF($B12="","",IF(COUNTIFS(Лэндинг!$E$5:$E$300,$B12)+COUNTIFS(Закрытые!$E$5:$E$300,$B12,Закрытые!$B$5:$B$300,"L-*")=0,"",ROUND(SUMIFS(Лэндинг!$M$5:$M$300,Лэндинг!$E$5:$E$300,$B12)+SUMIFS(Закрытые!$M$5:$M$300,Закрытые!$E$5:$E$300,$B12,Закрытые!$B$5:$B$300,"L-*"),8))) | K12: =IF($B12="","",ROUND(SUMIFS(Закрытые!$N$5:$N$300,Закрытые!$E$5:$E$300,$B12,Закрытые!$B$5:$B$300,"L-*"),8)) | L12: =IF(K12="","",IF(SUMPRODUCT((Закрытые!$E$5:$E$300=$B12)*(LEFT(Закрытые!$B$5:$B$300,2)="L-")*(COUNTIF(Лэндинг!$B$5:$B$300,Закрытые!$B$5:$B$300)=0)*((Закрытые!$F$5:$F$300+Закрытые!$I$5:$I$300-ABS(Закрытые!$F$5:$F$300-Закрытые!$I$5:$I$300))/2)*Закрытые!$G$5:$G$300)<=0,0,ROUND(K12/SUMPRODUCT((Закрытые!$E$5:$E$300=$B12)*(LEFT(Закрытые!$B$5:$B$300,2)="L-")*(COUNTIF(Лэндинг!$B$5:$B$300,Закрытые!$B$5:$B$300)=0)*((Закрытые!$F$5:$F$300+Закрытые!$I$5:$I$300-ABS(Закрытые!$F$5:$F$300-Закрытые!$I$5:$I$300))/2)*Закрытые!$G$5:$G$300)*100,2))) | M12: =IF(OR(ROUND(N(C12)-N(F12),8)=0,1-N(Ввод!$E$17)/100<=0),"",IF(N(C12)>N(F12),(N(E12)-N(H12))/((N(C12)-N(F12))*(1-N(Ввод!$E$17)/100)),(N(H12)-N(E12))/((N(F12)-N(C12))*(1+N(Ввод!$E$17)/100))))
B13: ETH/USDT | C13: =IF(SUMIFS(Лэндинг!$F$5:$F$300,Лэндинг!$E$5:$E$300,$B13)+SUMIFS(Закрытые!$F$5:$F$300,Закрытые!$E$5:$E$300,$B13,Закрытые!$B$5:$B$300,"L-*")=0,"",SUMIFS(Лэндинг!$F$5:$F$300,Лэндинг!$E$5:$E$300,$B13)+SUMIFS(Закрытые!$F$5:$F$300,Закрытые!$E$5:$E$300,$B13,Закрытые!$B$5:$B$300,"L-*")) | D13: =IF(C13="","",(SUMPRODUCT((Лэндинг!$E$5:$E$300=$B13)*Лэндинг!$F$5:$F$300*Лэндинг!$G$5:$G$300)+SUMPRODUCT((Закрытые!$E$5:$E$300=$B13)*(LEFT(Закрытые!$B$5:$B$300,2)="L-")*Закрытые!$F$5:$F$300*Закрытые!$G$5:$G$300))/C13) | E13: =IF(C13="","",SUMIFS(Лэндинг!$H$5:$H$300,Лэндинг!$E$5:$E$300,$B13)+SUMIFS(Закрытые!$H$5:$H$300,Закрытые!$E$5:$E$300,$B13,Закрытые!$B$5:$B$300,"L-*")) | F13: =IF(SUMIFS(Лэндинг!$I$5:$I$300,Лэндинг!$E$5:$E$300,$B13)+SUMIFS(Закрытые!$I$5:$I$300,Закрытые!$E$5:$E$300,$B13,Закрытые!$B$5:$B$300,"L-*")=0,"",SUMIFS(Лэндинг!$I$5:$I$300,Лэндинг!$E$5:$E$300,$B13)+SUMIFS(Закрытые!$I$5:$I$300,Закрытые!$E$5:$E$300,$B13,Закрытые!$B$5:$B$300,"L-*")) | G13: =IF(F13="","",(SUMPRODUCT((Лэндинг!$E$5:$E$300=$B13)*Лэндинг!$I$5:$I$300*Лэндинг!$J$5:$J$300)+SUMPRODUCT((Закрытые!$E$5:$E$300=$B13)*(LEFT(Закрытые!$B$5:$B$300,2)="L-")*Закрытые!$I$5:$I$300*Закрытые!$J$5:$J$300))/F13) | H13: =IF(F13="","",SUMIFS(Лэндинг!$K$5:$K$300,Лэндинг!$E$5:$E$300,$B13)+SUMIFS(Закрытые!$K$5:$K$300,Закрытые!$E$5:$E$300,$B13,Закрытые!$B$5:$B$300,"L-*")) | I13: =IF($B13="","",IF(COUNTIFS(Лэндинг!$E$5:$E$300,$B13)+COUNTIFS(Закрытые!$E$5:$E$300,$B13,Закрытые!$B$5:$B$300,"L-*")=0,"",ROUND(SUMIFS(Лэндинг!$L$5:$L$300,Лэндинг!$E$5:$E$300,$B13)+SUMIFS(Закрытые!$L$5:$L$300,Закрытые!$E$5:$E$300,$B13,Закрытые!$B$5:$B$300,"L-*"),8))) | J13: =IF($B13="","",IF(COUNTIFS(Лэндинг!$E$5:$E$300,$B13)+COUNTIFS(Закрытые!$E$5:$E$300,$B13,Закрытые!$B$5:$B$300,"L-*")=0,"",ROUND(SUMIFS(Лэндинг!$M$5:$M$300,Лэндинг!$E$5:$E$300,$B13)+SUMIFS(Закрытые!$M$5:$M$300,Закрытые!$E$5:$E$300,$B13,Закрытые!$B$5:$B$300,"L-*"),8))) | K13: =IF($B13="","",ROUND(SUMIFS(Закрытые!$N$5:$N$300,Закрытые!$E$5:$E$300,$B13,Закрытые!$B$5:$B$300,"L-*"),8)) | L13: =IF(K13="","",IF(SUMPRODUCT((Закрытые!$E$5:$E$300=$B13)*(LEFT(Закрытые!$B$5:$B$300,2)="L-")*(COUNTIF(Лэндинг!$B$5:$B$300,Закрытые!$B$5:$B$300)=0)*((Закрытые!$F$5:$F$300+Закрытые!$I$5:$I$300-ABS(Закрытые!$F$5:$F$300-Закрытые!$I$5:$I$300))/2)*Закрытые!$G$5:$G$300)<=0,0,ROUND(K13/SUMPRODUCT((Закрытые!$E$5:$E$300=$B13)*(LEFT(Закрытые!$B$5:$B$300,2)="L-")*(COUNTIF(Лэндинг!$B$5:$B$300,Закрытые!$B$5:$B$300)=0)*((Закрытые!$F$5:$F$300+Закрытые!$I$5:$I$300-ABS(Закрытые!$F$5:$F$300-Закрытые!$I$5:$I$300))/2)*Закрытые!$G$5:$G$300)*100,2))) | M13: =IF(OR(ROUND(N(C13)-N(F13),8)=0,1-N(Ввод!$E$17)/100<=0),"",IF(N(C13)>N(F13),(N(E13)-N(H13))/((N(C13)-N(F13))*(1-N(Ввод!$E$17)/100)),(N(H13)-N(E13))/((N(F13)-N(C13))*(1+N(Ввод!$E$17)/100))))
B14: LTC/USDT | C14: =IF(SUMIFS(Лэндинг!$F$5:$F$300,Лэндинг!$E$5:$E$300,$B14)+SUMIFS(Закрытые!$F$5:$F$300,Закрытые!$E$5:$E$300,$B14,Закрытые!$B$5:$B$300,"L-*")=0,"",SUMIFS(Лэндинг!$F$5:$F$300,Лэндинг!$E$5:$E$300,$B14)+SUMIFS(Закрытые!$F$5:$F$300,Закрытые!$E$5:$E$300,$B14,Закрытые!$B$5:$B$300,"L-*")) | D14: =IF(C14="","",(SUMPRODUCT((Лэндинг!$E$5:$E$300=$B14)*Лэндинг!$F$5:$F$300*Лэндинг!$G$5:$G$300)+SUMPRODUCT((Закрытые!$E$5:$E$300=$B14)*(LEFT(Закрытые!$B$5:$B$300,2)="L-")*Закрытые!$F$5:$F$300*Закрытые!$G$5:$G$300))/C14) | E14: =IF(C14="","",SUMIFS(Лэндинг!$H$5:$H$300,Лэндинг!$E$5:$E$300,$B14)+SUMIFS(Закрытые!$H$5:$H$300,Закрытые!$E$5:$E$300,$B14,Закрытые!$B$5:$B$300,"L-*")) | F14: =IF(SUMIFS(Лэндинг!$I$5:$I$300,Лэндинг!$E$5:$E$300,$B14)+SUMIFS(Закрытые!$I$5:$I$300,Закрытые!$E$5:$E$300,$B14,Закрытые!$B$5:$B$300,"L-*")=0,"",SUMIFS(Лэндинг!$I$5:$I$300,Лэндинг!$E$5:$E$300,$B14)+SUMIFS(Закрытые!$I$5:$I$300,Закрытые!$E$5:$E$300,$B14,Закрытые!$B$5:$B$300,"L-*")) | G14: =IF(F14="","",(SUMPRODUCT((Лэндинг!$E$5:$E$300=$B14)*Лэндинг!$I$5:$I$300*Лэндинг!$J$5:$J$300)+SUMPRODUCT((Закрытые!$E$5:$E$300=$B14)*(LEFT(Закрытые!$B$5:$B$300,2)="L-")*Закрытые!$I$5:$I$300*Закрытые!$J$5:$J$300))/F14) | H14: =IF(F14="","",SUMIFS(Лэндинг!$K$5:$K$300,Лэндинг!$E$5:$E$300,$B14)+SUMIFS(Закрытые!$K$5:$K$300,Закрытые!$E$5:$E$300,$B14,Закрытые!$B$5:$B$300,"L-*")) | I14: =IF($B14="","",IF(COUNTIFS(Лэндинг!$E$5:$E$300,$B14)+COUNTIFS(Закрытые!$E$5:$E$300,$B14,Закрытые!$B$5:$B$300,"L-*")=0,"",ROUND(SUMIFS(Лэндинг!$L$5:$L$300,Лэндинг!$E$5:$E$300,$B14)+SUMIFS(Закрытые!$L$5:$L$300,Закрытые!$E$5:$E$300,$B14,Закрытые!$B$5:$B$300,"L-*"),8))) | J14: =IF($B14="","",IF(COUNTIFS(Лэндинг!$E$5:$E$300,$B14)+COUNTIFS(Закрытые!$E$5:$E$300,$B14,Закрытые!$B$5:$B$300,"L-*")=0,"",ROUND(SUMIFS(Лэндинг!$M$5:$M$300,Лэндинг!$E$5:$E$300,$B14)+SUMIFS(Закрытые!$M$5:$M$300,Закрытые!$E$5:$E$300,$B14,Закрытые!$B$5:$B$300,"L-*"),8))) | K14: =IF($B14="","",ROUND(SUMIFS(Закрытые!$N$5:$N$300,Закрытые!$E$5:$E$300,$B14,Закрытые!$B$5:$B$300,"L-*"),8)) | L14: =IF(K14="","",IF(SUMPRODUCT((Закрытые!$E$5:$E$300=$B14)*(LEFT(Закрытые!$B$5:$B$300,2)="L-")*(COUNTIF(Лэндинг!$B$5:$B$300,Закрытые!$B$5:$B$300)=0)*((Закрытые!$F$5:$F$300+Закрытые!$I$5:$I$300-ABS(Закрытые!$F$5:$F$300-Закрытые!$I$5:$I$300))/2)*Закрытые!$G$5:$G$300)<=0,0,ROUND(K14/SUMPRODUCT((Закрытые!$E$5:$E$300=$B14)*(LEFT(Закрытые!$B$5:$B$300,2)="L-")*(COUNTIF(Лэндинг!$B$5:$B$300,Закрытые!$B$5:$B$300)=0)*((Закрытые!$F$5:$F$300+Закрытые!$I$5:$I$300-ABS(Закрытые!$F$5:$F$300-Закрытые!$I$5:$I$300))/2)*Закрытые!$G$5:$G$300)*100,2))) | M14: =IF(OR(ROUND(N(C14)-N(F14),8)=0,1-N(Ввод!$E$17)/100<=0),"",IF(N(C14)>N(F14),(N(E14)-N(H14))/((N(C14)-N(F14))*(1-N(Ввод!$E$17)/100)),(N(H14)-N(E14))/((N(F14)-N(C14))*(1+N(Ввод!$E$17)/100))))
B15: SOL/USDT | C15: =IF(SUMIFS(Лэндинг!$F$5:$F$300,Лэндинг!$E$5:$E$300,$B15)+SUMIFS(Закрытые!$F$5:$F$300,Закрытые!$E$5:$E$300,$B15,Закрытые!$B$5:$B$300,"L-*")=0,"",SUMIFS(Лэндинг!$F$5:$F$300,Лэндинг!$E$5:$E$300,$B15)+SUMIFS(Закрытые!$F$5:$F$300,Закрытые!$E$5:$E$300,$B15,Закрытые!$B$5:$B$300,"L-*")) | D15: =IF(C15="","",(SUMPRODUCT((Лэндинг!$E$5:$E$300=$B15)*Лэндинг!$F$5:$F$300*Лэндинг!$G$5:$G$300)+SUMPRODUCT((Закрытые!$E$5:$E$300=$B15)*(LEFT(Закрытые!$B$5:$B$300,2)="L-")*Закрытые!$F$5:$F$300*Закрытые!$G$5:$G$300))/C15) | E15: =IF(C15="","",SUMIFS(Лэндинг!$H$5:$H$300,Лэндинг!$E$5:$E$300,$B15)+SUMIFS(Закрытые!$H$5:$H$300,Закрытые!$E$5:$E$300,$B15,Закрытые!$B$5:$B$300,"L-*")) | F15: =IF(SUMIFS(Лэндинг!$I$5:$I$300,Лэндинг!$E$5:$E$300,$B15)+SUMIFS(Закрытые!$I$5:$I$300,Закрытые!$E$5:$E$300,$B15,Закрытые!$B$5:$B$300,"L-*")=0,"",SUMIFS(Лэндинг!$I$5:$I$300,Лэндинг!$E$5:$E$300,$B15)+SUMIFS(Закрытые!$I$5:$I$300,Закрытые!$E$5:$E$300,$B15,Закрытые!$B$5:$B$300,"L-*")) | G15: =IF(F15="","",(SUMPRODUCT((Лэндинг!$E$5:$E$300=$B15)*Лэндинг!$I$5:$I$300*Лэндинг!$J$5:$J$300)+SUMPRODUCT((Закрытые!$E$5:$E$300=$B15)*(LEFT(Закрытые!$B$5:$B$300,2)="L-")*Закрытые!$I$5:$I$300*Закрытые!$J$5:$J$300))/F15) | H15: =IF(F15="","",SUMIFS(Лэндинг!$K$5:$K$300,Лэндинг!$E$5:$E$300,$B15)+SUMIFS(Закрытые!$K$5:$K$300,Закрытые!$E$5:$E$300,$B15,Закрытые!$B$5:$B$300,"L-*")) | I15: =IF($B15="","",IF(COUNTIFS(Лэндинг!$E$5:$E$300,$B15)+COUNTIFS(Закрытые!$E$5:$E$300,$B15,Закрытые!$B$5:$B$300,"L-*")=0,"",ROUND(SUMIFS(Лэндинг!$L$5:$L$300,Лэндинг!$E$5:$E$300,$B15)+SUMIFS(Закрытые!$L$5:$L$300,Закрытые!$E$5:$E$300,$B15,Закрытые!$B$5:$B$300,"L-*"),8))) | J15: =IF($B15="","",IF(COUNTIFS(Лэндинг!$E$5:$E$300,$B15)+COUNTIFS(Закрытые!$E$5:$E$300,$B15,Закрытые!$B$5:$B$300,"L-*")=0,"",ROUND(SUMIFS(Лэндинг!$M$5:$M$300,Лэндинг!$E$5:$E$300,$B15)+SUMIFS(Закрытые!$M$5:$M$300,Закрытые!$E$5:$E$300,$B15,Закрытые!$B$5:$B$300,"L-*"),8))) | K15: =IF($B15="","",ROUND(SUMIFS(Закрытые!$N$5:$N$300,Закрытые!$E$5:$E$300,$B15,Закрытые!$B$5:$B$300,"L-*"),8)) | L15: =IF(K15="","",IF(SUMPRODUCT((Закрытые!$E$5:$E$300=$B15)*(LEFT(Закрытые!$B$5:$B$300,2)="L-")*(COUNTIF(Лэндинг!$B$5:$B$300,Закрытые!$B$5:$B$300)=0)*((Закрытые!$F$5:$F$300+Закрытые!$I$5:$I$300-ABS(Закрытые!$F$5:$F$300-Закрытые!$I$5:$I$300))/2)*Закрытые!$G$5:$G$300)<=0,0,ROUND(K15/SUMPRODUCT((Закрытые!$E$5:$E$300=$B15)*(LEFT(Закрытые!$B$5:$B$300,2)="L-")*(COUNTIF(Лэндинг!$B$5:$B$300,Закрытые!$B$5:$B$300)=0)*((Закрытые!$F$5:$F$300+Закрытые!$I$5:$I$300-ABS(Закрытые!$F$5:$F$300-Закрытые!$I$5:$I$300))/2)*Закрытые!$G$5:$G$300)*100,2))) | M15: =IF(OR(ROUND(N(C15)-N(F15),8)=0,1-N(Ввод!$E$17)/100<=0),"",IF(N(C15)>N(F15),(N(E15)-N(H15))/((N(C15)-N(F15))*(1-N(Ввод!$E$17)/100)),(N(H15)-N(E15))/((N(F15)-N(C15))*(1+N(Ввод!$E$17)/100))))
C16: =IF(SUMIFS(Лэндинг!$F$5:$F$300,Лэндинг!$E$5:$E$300,$B16)+SUMIFS(Закрытые!$F$5:$F$300,Закрытые!$E$5:$E$300,$B16,Закрытые!$B$5:$B$300,"L-*")=0,"",SUMIFS(Лэндинг!$F$5:$F$300,Лэндинг!$E$5:$E$300,$B16)+SUMIFS(Закрытые!$F$5:$F$300,Закрытые!$E$5:$E$300,$B16,Закрытые!$B$5:$B$300,"L-*")) | D16: =IF(C16="","",(SUMPRODUCT((Лэндинг!$E$5:$E$300=$B16)*Лэндинг!$F$5:$F$300*Лэндинг!$G$5:$G$300)+SUMPRODUCT((Закрытые!$E$5:$E$300=$B16)*(LEFT(Закрытые!$B$5:$B$300,2)="L-")*Закрытые!$F$5:$F$300*Закрытые!$G$5:$G$300))/C16) | E16: =IF(C16="","",SUMIFS(Лэндинг!$H$5:$H$300,Лэндинг!$E$5:$E$300,$B16)+SUMIFS(Закрытые!$H$5:$H$300,Закрытые!$E$5:$E$300,$B16,Закрытые!$B$5:$B$300,"L-*")) | F16: =IF(SUMIFS(Лэндинг!$I$5:$I$300,Лэндинг!$E$5:$E$300,$B16)+SUMIFS(Закрытые!$I$5:$I$300,Закрытые!$E$5:$E$300,$B16,Закрытые!$B$5:$B$300,"L-*")=0,"",SUMIFS(Лэндинг!$I$5:$I$300,Лэндинг!$E$5:$E$300,$B16)+SUMIFS(Закрытые!$I$5:$I$300,Закрытые!$E$5:$E$300,$B16,Закрытые!$B$5:$B$300,"L-*")) | G16: =IF(F16="","",(SUMPRODUCT((Лэндинг!$E$5:$E$300=$B16)*Лэндинг!$I$5:$I$300*Лэндинг!$J$5:$J$300)+SUMPRODUCT((Закрытые!$E$5:$E$300=$B16)*(LEFT(Закрытые!$B$5:$B$300,2)="L-")*Закрытые!$I$5:$I$300*Закрытые!$J$5:$J$300))/F16) | H16: =IF(F16="","",SUMIFS(Лэндинг!$K$5:$K$300,Лэндинг!$E$5:$E$300,$B16)+SUMIFS(Закрытые!$K$5:$K$300,Закрытые!$E$5:$E$300,$B16,Закрытые!$B$5:$B$300,"L-*")) | I16: =IF($B16="","",IF(COUNTIFS(Лэндинг!$E$5:$E$300,$B16)+COUNTIFS(Закрытые!$E$5:$E$300,$B16,Закрытые!$B$5:$B$300,"L-*")=0,"",ROUND(SUMIFS(Лэндинг!$L$5:$L$300,Лэндинг!$E$5:$E$300,$B16)+SUMIFS(Закрытые!$L$5:$L$300,Закрытые!$E$5:$E$300,$B16,Закрытые!$B$5:$B$300,"L-*"),8))) | J16: =IF($B16="","",IF(COUNTIFS(Лэндинг!$E$5:$E$300,$B16)+COUNTIFS(Закрытые!$E$5:$E$300,$B16,Закрытые!$B$5:$B$300,"L-*")=0,"",ROUND(SUMIFS(Лэндинг!$M$5:$M$300,Лэндинг!$E$5:$E$300,$B16)+SUMIFS(Закрытые!$M$5:$M$300,Закрытые!$E$5:$E$300,$B16,Закрытые!$B$5:$B$300,"L-*"),8))) | K16: =IF($B16="","",ROUND(SUMIFS(Закрытые!$N$5:$N$300,Закрытые!$E$5:$E$300,$B16,Закрытые!$B$5:$B$300,"L-*"),8)) | L16: =IF(K16="","",IF(SUMPRODUCT((Закрытые!$E$5:$E$300=$B16)*(LEFT(Закрытые!$B$5:$B$300,2)="L-")*(COUNTIF(Лэндинг!$B$5:$B$300,Закрытые!$B$5:$B$300)=0)*((Закрытые!$F$5:$F$300+Закрытые!$I$5:$I$300-ABS(Закрытые!$F$5:$F$300-Закрытые!$I$5:$I$300))/2)*Закрытые!$G$5:$G$300)<=0,0,ROUND(K16/SUMPRODUCT((Закрытые!$E$5:$E$300=$B16)*(LEFT(Закрытые!$B$5:$B$300,2)="L-")*(COUNTIF(Лэндинг!$B$5:$B$300,Закрытые!$B$5:$B$300)=0)*((Закрытые!$F$5:$F$300+Закрытые!$I$5:$I$300-ABS(Закрытые!$F$5:$F$300-Закрытые!$I$5:$I$300))/2)*Закрытые!$G$5:$G$300)*100,2))) | M16: =IF(OR(ROUND(N(C16)-N(F16),8)=0,1-N(Ввод!$E$17)/100<=0),"",IF(N(C16)>N(F16),(N(E16)-N(H16))/((N(C16)-N(F16))*(1-N(Ввод!$E$17)/100)),(N(H16)-N(E16))/((N(F16)-N(C16))*(1+N(Ввод!$E$17)/100))))
C17: =IF(SUMIFS(Лэндинг!$F$5:$F$300,Лэндинг!$E$5:$E$300,$B17)+SUMIFS(Закрытые!$F$5:$F$300,Закрытые!$E$5:$E$300,$B17,Закрытые!$B$5:$B$300,"L-*")=0,"",SUMIFS(Лэндинг!$F$5:$F$300,Лэндинг!$E$5:$E$300,$B17)+SUMIFS(Закрытые!$F$5:$F$300,Закрытые!$E$5:$E$300,$B17,Закрытые!$B$5:$B$300,"L-*")) | D17: =IF(C17="","",(SUMPRODUCT((Лэндинг!$E$5:$E$300=$B17)*Лэндинг!$F$5:$F$300*Лэндинг!$G$5:$G$300)+SUMPRODUCT((Закрытые!$E$5:$E$300=$B17)*(LEFT(Закрытые!$B$5:$B$300,2)="L-")*Закрытые!$F$5:$F$300*Закрытые!$G$5:$G$300))/C17) | E17: =IF(C17="","",SUMIFS(Лэндинг!$H$5:$H$300,Лэндинг!$E$5:$E$300,$B17)+SUMIFS(Закрытые!$H$5:$H$300,Закрытые!$E$5:$E$300,$B17,Закрытые!$B$5:$B$300,"L-*")) | F17: =IF(SUMIFS(Лэндинг!$I$5:$I$300,Лэндинг!$E$5:$E$300,$B17)+SUMIFS(Закрытые!$I$5:$I$300,Закрытые!$E$5:$E$300,$B17,Закрытые!$B$5:$B$300,"L-*")=0,"",SUMIFS(Лэндинг!$I$5:$I$300,Лэндинг!$E$5:$E$300,$B17)+SUMIFS(Закрытые!$I$5:$I$300,Закрытые!$E$5:$E$300,$B17,Закрытые!$B$5:$B$300,"L-*")) | G17: =IF(F17="","",(SUMPRODUCT((Лэндинг!$E$5:$E$300=$B17)*Лэндинг!$I$5:$I$300*Лэндинг!$J$5:$J$300)+SUMPRODUCT((Закрытые!$E$5:$E$300=$B17)*(LEFT(Закрытые!$B$5:$B$300,2)="L-")*Закрытые!$I$5:$I$300*Закрытые!$J$5:$J$300))/F17) | H17: =IF(F17="","",SUMIFS(Лэндинг!$K$5:$K$300,Лэндинг!$E$5:$E$300,$B17)+SUMIFS(Закрытые!$K$5:$K$300,Закрытые!$E$5:$E$300,$B17,Закрытые!$B$5:$B$300,"L-*")) | I17: =IF($B17="","",IF(COUNTIFS(Лэндинг!$E$5:$E$300,$B17)+COUNTIFS(Закрытые!$E$5:$E$300,$B17,Закрытые!$B$5:$B$300,"L-*")=0,"",ROUND(SUMIFS(Лэндинг!$L$5:$L$300,Лэндинг!$E$5:$E$300,$B17)+SUMIFS(Закрытые!$L$5:$L$300,Закрытые!$E$5:$E$300,$B17,Закрытые!$B$5:$B$300,"L-*"),8))) | J17: =IF($B17="","",IF(COUNTIFS(Лэндинг!$E$5:$E$300,$B17)+COUNTIFS(Закрытые!$E$5:$E$300,$B17,Закрытые!$B$5:$B$300,"L-*")=0,"",ROUND(SUMIFS(Лэндинг!$M$5:$M$300,Лэндинг!$E$5:$E$300,$B17)+SUMIFS(Закрытые!$M$5:$M$300,Закрытые!$E$5:$E$300,$B17,Закрытые!$B$5:$B$300,"L-*"),8))) | K17: =IF($B17="","",ROUND(SUMIFS(Закрытые!$N$5:$N$300,Закрытые!$E$5:$E$300,$B17,Закрытые!$B$5:$B$300,"L-*"),8)) | L17: =IF(K17="","",IF(SUMPRODUCT((Закрытые!$E$5:$E$300=$B17)*(LEFT(Закрытые!$B$5:$B$300,2)="L-")*(COUNTIF(Лэндинг!$B$5:$B$300,Закрытые!$B$5:$B$300)=0)*((Закрытые!$F$5:$F$300+Закрытые!$I$5:$I$300-ABS(Закрытые!$F$5:$F$300-Закрытые!$I$5:$I$300))/2)*Закрытые!$G$5:$G$300)<=0,0,ROUND(K17/SUMPRODUCT((Закрытые!$E$5:$E$300=$B17)*(LEFT(Закрытые!$B$5:$B$300,2)="L-")*(COUNTIF(Лэндинг!$B$5:$B$300,Закрытые!$B$5:$B$300)=0)*((Закрытые!$F$5:$F$300+Закрытые!$I$5:$I$300-ABS(Закрытые!$F$5:$F$300-Закрытые!$I$5:$I$300))/2)*Закрытые!$G$5:$G$300)*100,2))) | M17: =IF(OR(ROUND(N(C17)-N(F17),8)=0,1-N(Ввод!$E$17)/100<=0),"",IF(N(C17)>N(F17),(N(E17)-N(H17))/((N(C17)-N(F17))*(1-N(Ввод!$E$17)/100)),(N(H17)-N(E17))/((N(F17)-N(C17))*(1+N(Ввод!$E$17)/100))))
C18: =IF(SUMIFS(Лэндинг!$F$5:$F$300,Лэндинг!$E$5:$E$300,$B18)+SUMIFS(Закрытые!$F$5:$F$300,Закрытые!$E$5:$E$300,$B18,Закрытые!$B$5:$B$300,"L-*")=0,"",SUMIFS(Лэндинг!$F$5:$F$300,Лэндинг!$E$5:$E$300,$B18)+SUMIFS(Закрытые!$F$5:$F$300,Закрытые!$E$5:$E$300,$B18,Закрытые!$B$5:$B$300,"L-*")) | D18: =IF(C18="","",(SUMPRODUCT((Лэндинг!$E$5:$E$300=$B18)*Лэндинг!$F$5:$F$300*Лэндинг!$G$5:$G$300)+SUMPRODUCT((Закрытые!$E$5:$E$300=$B18)*(LEFT(Закрытые!$B$5:$B$300,2)="L-")*Закрытые!$F$5:$F$300*Закрытые!$G$5:$G$300))/C18) | E18: =IF(C18="","",SUMIFS(Лэндинг!$H$5:$H$300,Лэндинг!$E$5:$E$300,$B18)+SUMIFS(Закрытые!$H$5:$H$300,Закрытые!$E$5:$E$300,$B18,Закрытые!$B$5:$B$300,"L-*")) | F18: =IF(SUMIFS(Лэндинг!$I$5:$I$300,Лэндинг!$E$5:$E$300,$B18)+SUMIFS(Закрытые!$I$5:$I$300,Закрытые!$E$5:$E$300,$B18,Закрытые!$B$5:$B$300,"L-*")=0,"",SUMIFS(Лэндинг!$I$5:$I$300,Лэндинг!$E$5:$E$300,$B18)+SUMIFS(Закрытые!$I$5:$I$300,Закрытые!$E$5:$E$300,$B18,Закрытые!$B$5:$B$300,"L-*")) | G18: =IF(F18="","",(SUMPRODUCT((Лэндинг!$E$5:$E$300=$B18)*Лэндинг!$I$5:$I$300*Лэндинг!$J$5:$J$300)+SUMPRODUCT((Закрытые!$E$5:$E$300=$B18)*(LEFT(Закрытые!$B$5:$B$300,2)="L-")*Закрытые!$I$5:$I$300*Закрытые!$J$5:$J$300))/F18) | H18: =IF(F18="","",SUMIFS(Лэндинг!$K$5:$K$300,Лэндинг!$E$5:$E$300,$B18)+SUMIFS(Закрытые!$K$5:$K$300,Закрытые!$E$5:$E$300,$B18,Закрытые!$B$5:$B$300,"L-*")) | I18: =IF($B18="","",IF(COUNTIFS(Лэндинг!$E$5:$E$300,$B18)+COUNTIFS(Закрытые!$E$5:$E$300,$B18,Закрытые!$B$5:$B$300,"L-*")=0,"",ROUND(SUMIFS(Лэндинг!$L$5:$L$300,Лэндинг!$E$5:$E$300,$B18)+SUMIFS(Закрытые!$L$5:$L$300,Закрытые!$E$5:$E$300,$B18,Закрытые!$B$5:$B$300,"L-*"),8))) | J18: =IF($B18="","",IF(COUNTIFS(Лэндинг!$E$5:$E$300,$B18)+COUNTIFS(Закрытые!$E$5:$E$300,$B18,Закрытые!$B$5:$B$300,"L-*")=0,"",ROUND(SUMIFS(Лэндинг!$M$5:$M$300,Лэндинг!$E$5:$E$300,$B18)+SUMIFS(Закрытые!$M$5:$M$300,Закрытые!$E$5:$E$300,$B18,Закрытые!$B$5:$B$300,"L-*"),8))) | K18: =IF($B18="","",ROUND(SUMIFS(Закрытые!$N$5:$N$300,Закрытые!$E$5:$E$300,$B18,Закрытые!$B$5:$B$300,"L-*"),8)) | L18: =IF(K18="","",IF(SUMPRODUCT((Закрытые!$E$5:$E$300=$B18)*(LEFT(Закрытые!$B$5:$B$300,2)="L-")*(COUNTIF(Лэндинг!$B$5:$B$300,Закрытые!$B$5:$B$300)=0)*((Закрытые!$F$5:$F$300+Закрытые!$I$5:$I$300-ABS(Закрытые!$F$5:$F$300-Закрытые!$I$5:$I$300))/2)*Закрытые!$G$5:$G$300)<=0,0,ROUND(K18/SUMPRODUCT((Закрытые!$E$5:$E$300=$B18)*(LEFT(Закрытые!$B$5:$B$300,2)="L-")*(COUNTIF(Лэндинг!$B$5:$B$300,Закрытые!$B$5:$B$300)=0)*((Закрытые!$F$5:$F$300+Закрытые!$I$5:$I$300-ABS(Закрытые!$F$5:$F$300-Закрытые!$I$5:$I$300))/2)*Закрытые!$G$5:$G$300)*100,2))) | M18: =IF(OR(ROUND(N(C18)-N(F18),8)=0,1-N(Ввод!$E$17)/100<=0),"",IF(N(C18)>N(F18),(N(E18)-N(H18))/((N(C18)-N(F18))*(1-N(Ввод!$E$17)/100)),(N(H18)-N(E18))/((N(F18)-N(C18))*(1+N(Ввод!$E$17)/100))))
C19: =IF(SUMIFS(Лэндинг!$F$5:$F$300,Лэндинг!$E$5:$E$300,$B19)+SUMIFS(Закрытые!$F$5:$F$300,Закрытые!$E$5:$E$300,$B19,Закрытые!$B$5:$B$300,"L-*")=0,"",SUMIFS(Лэндинг!$F$5:$F$300,Лэндинг!$E$5:$E$300,$B19)+SUMIFS(Закрытые!$F$5:$F$300,Закрытые!$E$5:$E$300,$B19,Закрытые!$B$5:$B$300,"L-*")) | D19: =IF(C19="","",(SUMPRODUCT((Лэндинг!$E$5:$E$300=$B19)*Лэндинг!$F$5:$F$300*Лэндинг!$G$5:$G$300)+SUMPRODUCT((Закрытые!$E$5:$E$300=$B19)*(LEFT(Закрытые!$B$5:$B$300,2)="L-")*Закрытые!$F$5:$F$300*Закрытые!$G$5:$G$300))/C19) | E19: =IF(C19="","",SUMIFS(Лэндинг!$H$5:$H$300,Лэндинг!$E$5:$E$300,$B19)+SUMIFS(Закрытые!$H$5:$H$300,Закрытые!$E$5:$E$300,$B19,Закрытые!$B$5:$B$300,"L-*")) | F19: =IF(SUMIFS(Лэндинг!$I$5:$I$300,Лэндинг!$E$5:$E$300,$B19)+SUMIFS(Закрытые!$I$5:$I$300,Закрытые!$E$5:$E$300,$B19,Закрытые!$B$5:$B$300,"L-*")=0,"",SUMIFS(Лэндинг!$I$5:$I$300,Лэндинг!$E$5:$E$300,$B19)+SUMIFS(Закрытые!$I$5:$I$300,Закрытые!$E$5:$E$300,$B19,Закрытые!$B$5:$B$300,"L-*")) | G19: =IF(F19="","",(SUMPRODUCT((Лэндинг!$E$5:$E$300=$B19)*Лэндинг!$I$5:$I$300*Лэндинг!$J$5:$J$300)+SUMPRODUCT((Закрытые!$E$5:$E$300=$B19)*(LEFT(Закрытые!$B$5:$B$300,2)="L-")*Закрытые!$I$5:$I$300*Закрытые!$J$5:$J$300))/F19) | H19: =IF(F19="","",SUMIFS(Лэндинг!$K$5:$K$300,Лэндинг!$E$5:$E$300,$B19)+SUMIFS(Закрытые!$K$5:$K$300,Закрытые!$E$5:$E$300,$B19,Закрытые!$B$5:$B$300,"L-*")) | I19: =IF($B19="","",IF(COUNTIFS(Лэндинг!$E$5:$E$300,$B19)+COUNTIFS(Закрытые!$E$5:$E$300,$B19,Закрытые!$B$5:$B$300,"L-*")=0,"",ROUND(SUMIFS(Лэндинг!$L$5:$L$300,Лэндинг!$E$5:$E$300,$B19)+SUMIFS(Закрытые!$L$5:$L$300,Закрытые!$E$5:$E$300,$B19,Закрытые!$B$5:$B$300,"L-*"),8))) | J19: =IF($B19="","",IF(COUNTIFS(Лэндинг!$E$5:$E$300,$B19)+COUNTIFS(Закрытые!$E$5:$E$300,$B19,Закрытые!$B$5:$B$300,"L-*")=0,"",ROUND(SUMIFS(Лэндинг!$M$5:$M$300,Лэндинг!$E$5:$E$300,$B19)+SUMIFS(Закрытые!$M$5:$M$300,Закрытые!$E$5:$E$300,$B19,Закрытые!$B$5:$B$300,"L-*"),8))) | K19: =IF($B19="","",ROUND(SUMIFS(Закрытые!$N$5:$N$300,Закрытые!$E$5:$E$300,$B19,Закрытые!$B$5:$B$300,"L-*"),8)) | L19: =IF(K19="","",IF(SUMPRODUCT((Закрытые!$E$5:$E$300=$B19)*(LEFT(Закрытые!$B$5:$B$300,2)="L-")*(COUNTIF(Лэндинг!$B$5:$B$300,Закрытые!$B$5:$B$300)=0)*((Закрытые!$F$5:$F$300+Закрытые!$I$5:$I$300-ABS(Закрытые!$F$5:$F$300-Закрытые!$I$5:$I$300))/2)*Закрытые!$G$5:$G$300)<=0,0,ROUND(K19/SUMPRODUCT((Закрытые!$E$5:$E$300=$B19)*(LEFT(Закрытые!$B$5:$B$300,2)="L-")*(COUNTIF(Лэндинг!$B$5:$B$300,Закрытые!$B$5:$B$300)=0)*((Закрытые!$F$5:$F$300+Закрытые!$I$5:$I$300-ABS(Закрытые!$F$5:$F$300-Закрытые!$I$5:$I$300))/2)*Закрытые!$G$5:$G$300)*100,2))) | M19: =IF(OR(ROUND(N(C19)-N(F19),8)=0,1-N(Ввод!$E$17)/100<=0),"",IF(N(C19)>N(F19),(N(E19)-N(H19))/((N(C19)-N(F19))*(1-N(Ввод!$E$17)/100)),(N(H19)-N(E19))/((N(F19)-N(C19))*(1+N(Ввод!$E$17)/100))))
C20: =IF(SUMIFS(Лэндинг!$F$5:$F$300,Лэндинг!$E$5:$E$300,$B20)+SUMIFS(Закрытые!$F$5:$F$300,Закрытые!$E$5:$E$300,$B20,Закрытые!$B$5:$B$300,"L-*")=0,"",SUMIFS(Лэндинг!$F$5:$F$300,Лэндинг!$E$5:$E$300,$B20)+SUMIFS(Закрытые!$F$5:$F$300,Закрытые!$E$5:$E$300,$B20,Закрытые!$B$5:$B$300,"L-*")) | D20: =IF(C20="","",(SUMPRODUCT((Лэндинг!$E$5:$E$300=$B20)*Лэндинг!$F$5:$F$300*Лэндинг!$G$5:$G$300)+SUMPRODUCT((Закрытые!$E$5:$E$300=$B20)*(LEFT(Закрытые!$B$5:$B$300,2)="L-")*Закрытые!$F$5:$F$300*Закрытые!$G$5:$G$300))/C20) | E20: =IF(C20="","",SUMIFS(Лэндинг!$H$5:$H$300,Лэндинг!$E$5:$E$300,$B20)+SUMIFS(Закрытые!$H$5:$H$300,Закрытые!$E$5:$E$300,$B20,Закрытые!$B$5:$B$300,"L-*")) | F20: =IF(SUMIFS(Лэндинг!$I$5:$I$300,Лэндинг!$E$5:$E$300,$B20)+SUMIFS(Закрытые!$I$5:$I$300,Закрытые!$E$5:$E$300,$B20,Закрытые!$B$5:$B$300,"L-*")=0,"",SUMIFS(Лэндинг!$I$5:$I$300,Лэндинг!$E$5:$E$300,$B20)+SUMIFS(Закрытые!$I$5:$I$300,Закрытые!$E$5:$E$300,$B20,Закрытые!$B$5:$B$300,"L-*")) | G20: =IF(F20="","",(SUMPRODUCT((Лэндинг!$E$5:$E$300=$B20)*Лэндинг!$I$5:$I$300*Лэндинг!$J$5:$J$300)+SUMPRODUCT((Закрытые!$E$5:$E$300=$B20)*(LEFT(Закрытые!$B$5:$B$300,2)="L-")*Закрытые!$I$5:$I$300*Закрытые!$J$5:$J$300))/F20) | H20: =IF(F20="","",SUMIFS(Лэндинг!$K$5:$K$300,Лэндинг!$E$5:$E$300,$B20)+SUMIFS(Закрытые!$K$5:$K$300,Закрытые!$E$5:$E$300,$B20,Закрытые!$B$5:$B$300,"L-*")) | I20: =IF($B20="","",IF(COUNTIFS(Лэндинг!$E$5:$E$300,$B20)+COUNTIFS(Закрытые!$E$5:$E$300,$B20,Закрытые!$B$5:$B$300,"L-*")=0,"",ROUND(SUMIFS(Лэндинг!$L$5:$L$300,Лэндинг!$E$5:$E$300,$B20)+SUMIFS(Закрытые!$L$5:$L$300,Закрытые!$E$5:$E$300,$B20,Закрытые!$B$5:$B$300,"L-*"),8))) | J20: =IF($B20="","",IF(COUNTIFS(Лэндинг!$E$5:$E$300,$B20)+COUNTIFS(Закрытые!$E$5:$E$300,$B20,Закрытые!$B$5:$B$300,"L-*")=0,"",ROUND(SUMIFS(Лэндинг!$M$5:$M$300,Лэндинг!$E$5:$E$300,$B20)+SUMIFS(Закрытые!$M$5:$M$300,Закрытые!$E$5:$E$300,$B20,Закрытые!$B$5:$B$300,"L-*"),8))) | K20: =IF($B20="","",ROUND(SUMIFS(Закрытые!$N$5:$N$300,Закрытые!$E$5:$E$300,$B20,Закрытые!$B$5:$B$300,"L-*"),8)) | L20: =IF(K20="","",IF(SUMPRODUCT((Закрытые!$E$5:$E$300=$B20)*(LEFT(Закрытые!$B$5:$B$300,2)="L-")*(COUNTIF(Лэндинг!$B$5:$B$300,Закрытые!$B$5:$B$300)=0)*((Закрытые!$F$5:$F$300+Закрытые!$I$5:$I$300-ABS(Закрытые!$F$5:$F$300-Закрытые!$I$5:$I$300))/2)*Закрытые!$G$5:$G$300)<=0,0,ROUND(K20/SUMPRODUCT((Закрытые!$E$5:$E$300=$B20)*(LEFT(Закрытые!$B$5:$B$300,2)="L-")*(COUNTIF(Лэндинг!$B$5:$B$300,Закрытые!$B$5:$B$300)=0)*((Закрытые!$F$5:$F$300+Закрытые!$I$5:$I$300-ABS(Закрытые!$F$5:$F$300-Закрытые!$I$5:$I$300))/2)*Закрытые!$G$5:$G$300)*100,2))) | M20: =IF(OR(ROUND(N(C20)-N(F20),8)=0,1-N(Ввод!$E$17)/100<=0),"",IF(N(C20)>N(F20),(N(E20)-N(H20))/((N(C20)-N(F20))*(1-N(Ввод!$E$17)/100)),(N(H20)-N(E20))/((N(F20)-N(C20))*(1+N(Ввод!$E$17)/100))))
C21: =IF(SUMIFS(Лэндинг!$F$5:$F$300,Лэндинг!$E$5:$E$300,$B21)+SUMIFS(Закрытые!$F$5:$F$300,Закрытые!$E$5:$E$300,$B21,Закрытые!$B$5:$B$300,"L-*")=0,"",SUMIFS(Лэндинг!$F$5:$F$300,Лэндинг!$E$5:$E$300,$B21)+SUMIFS(Закрытые!$F$5:$F$300,Закрытые!$E$5:$E$300,$B21,Закрытые!$B$5:$B$300,"L-*")) | D21: =IF(C21="","",(SUMPRODUCT((Лэндинг!$E$5:$E$300=$B21)*Лэндинг!$F$5:$F$300*Лэндинг!$G$5:$G$300)+SUMPRODUCT((Закрытые!$E$5:$E$300=$B21)*(LEFT(Закрытые!$B$5:$B$300,2)="L-")*Закрытые!$F$5:$F$300*Закрытые!$G$5:$G$300))/C21) | E21: =IF(C21="","",SUMIFS(Лэндинг!$H$5:$H$300,Лэндинг!$E$5:$E$300,$B21)+SUMIFS(Закрытые!$H$5:$H$300,Закрытые!$E$5:$E$300,$B21,Закрытые!$B$5:$B$300,"L-*")) | F21: =IF(SUMIFS(Лэндинг!$I$5:$I$300,Лэндинг!$E$5:$E$300,$B21)+SUMIFS(Закрытые!$I$5:$I$300,Закрытые!$E$5:$E$300,$B21,Закрытые!$B$5:$B$300,"L-*")=0,"",SUMIFS(Лэндинг!$I$5:$I$300,Лэндинг!$E$5:$E$300,$B21)+SUMIFS(Закрытые!$I$5:$I$300,Закрытые!$E$5:$E$300,$B21,Закрытые!$B$5:$B$300,"L-*")) | G21: =IF(F21="","",(SUMPRODUCT((Лэндинг!$E$5:$E$300=$B21)*Лэндинг!$I$5:$I$300*Лэндинг!$J$5:$J$300)+SUMPRODUCT((Закрытые!$E$5:$E$300=$B21)*(LEFT(Закрытые!$B$5:$B$300,2)="L-")*Закрытые!$I$5:$I$300*Закрытые!$J$5:$J$300))/F21) | H21: =IF(F21="","",SUMIFS(Лэндинг!$K$5:$K$300,Лэндинг!$E$5:$E$300,$B21)+SUMIFS(Закрытые!$K$5:$K$300,Закрытые!$E$5:$E$300,$B21,Закрытые!$B$5:$B$300,"L-*")) | I21: =IF($B21="","",IF(COUNTIFS(Лэндинг!$E$5:$E$300,$B21)+COUNTIFS(Закрытые!$E$5:$E$300,$B21,Закрытые!$B$5:$B$300,"L-*")=0,"",ROUND(SUMIFS(Лэндинг!$L$5:$L$300,Лэндинг!$E$5:$E$300,$B21)+SUMIFS(Закрытые!$L$5:$L$300,Закрытые!$E$5:$E$300,$B21,Закрытые!$B$5:$B$300,"L-*"),8))) | J21: =IF($B21="","",IF(COUNTIFS(Лэндинг!$E$5:$E$300,$B21)+COUNTIFS(Закрытые!$E$5:$E$300,$B21,Закрытые!$B$5:$B$300,"L-*")=0,"",ROUND(SUMIFS(Лэндинг!$M$5:$M$300,Лэндинг!$E$5:$E$300,$B21)+SUMIFS(Закрытые!$M$5:$M$300,Закрытые!$E$5:$E$300,$B21,Закрытые!$B$5:$B$300,"L-*"),8))) | K21: =IF($B21="","",ROUND(SUMIFS(Закрытые!$N$5:$N$300,Закрытые!$E$5:$E$300,$B21,Закрытые!$B$5:$B$300,"L-*"),8)) | L21: =IF(K21="","",IF(SUMPRODUCT((Закрытые!$E$5:$E$300=$B21)*(LEFT(Закрытые!$B$5:$B$300,2)="L-")*(COUNTIF(Лэндинг!$B$5:$B$300,Закрытые!$B$5:$B$300)=0)*((Закрытые!$F$5:$F$300+Закрытые!$I$5:$I$300-ABS(Закрытые!$F$5:$F$300-Закрытые!$I$5:$I$300))/2)*Закрытые!$G$5:$G$300)<=0,0,ROUND(K21/SUMPRODUCT((Закрытые!$E$5:$E$300=$B21)*(LEFT(Закрытые!$B$5:$B$300,2)="L-")*(COUNTIF(Лэндинг!$B$5:$B$300,Закрытые!$B$5:$B$300)=0)*((Закрытые!$F$5:$F$300+Закрытые!$I$5:$I$300-ABS(Закрытые!$F$5:$F$300-Закрытые!$I$5:$I$300))/2)*Закрытые!$G$5:$G$300)*100,2))) | M21: =IF(OR(ROUND(N(C21)-N(F21),8)=0,1-N(Ввод!$E$17)/100<=0),"",IF(N(C21)>N(F21),(N(E21)-N(H21))/((N(C21)-N(F21))*(1-N(Ввод!$E$17)/100)),(N(H21)-N(E21))/((N(F21)-N(C21))*(1+N(Ввод!$E$17)/100))))
C22: =IF(SUMIFS(Лэндинг!$F$5:$F$300,Лэндинг!$E$5:$E$300,$B22)+SUMIFS(Закрытые!$F$5:$F$300,Закрытые!$E$5:$E$300,$B22,Закрытые!$B$5:$B$300,"L-*")=0,"",SUMIFS(Лэндинг!$F$5:$F$300,Лэндинг!$E$5:$E$300,$B22)+SUMIFS(Закрытые!$F$5:$F$300,Закрытые!$E$5:$E$300,$B22,Закрытые!$B$5:$B$300,"L-*")) | D22: =IF(C22="","",(SUMPRODUCT((Лэндинг!$E$5:$E$300=$B22)*Лэндинг!$F$5:$F$300*Лэндинг!$G$5:$G$300)+SUMPRODUCT((Закрытые!$E$5:$E$300=$B22)*(LEFT(Закрытые!$B$5:$B$300,2)="L-")*Закрытые!$F$5:$F$300*Закрытые!$G$5:$G$300))/C22) | E22: =IF(C22="","",SUMIFS(Лэндинг!$H$5:$H$300,Лэндинг!$E$5:$E$300,$B22)+SUMIFS(Закрытые!$H$5:$H$300,Закрытые!$E$5:$E$300,$B22,Закрытые!$B$5:$B$300,"L-*")) | F22: =IF(SUMIFS(Лэндинг!$I$5:$I$300,Лэндинг!$E$5:$E$300,$B22)+SUMIFS(Закрытые!$I$5:$I$300,Закрытые!$E$5:$E$300,$B22,Закрытые!$B$5:$B$300,"L-*")=0,"",SUMIFS(Лэндинг!$I$5:$I$300,Лэндинг!$E$5:$E$300,$B22)+SUMIFS(Закрытые!$I$5:$I$300,Закрытые!$E$5:$E$300,$B22,Закрытые!$B$5:$B$300,"L-*")) | G22: =IF(F22="","",(SUMPRODUCT((Лэндинг!$E$5:$E$300=$B22)*Лэндинг!$I$5:$I$300*Лэндинг!$J$5:$J$300)+SUMPRODUCT((Закрытые!$E$5:$E$300=$B22)*(LEFT(Закрытые!$B$5:$B$300,2)="L-")*Закрытые!$I$5:$I$300*Закрытые!$J$5:$J$300))/F22) | H22: =IF(F22="","",SUMIFS(Лэндинг!$K$5:$K$300,Лэндинг!$E$5:$E$300,$B22)+SUMIFS(Закрытые!$K$5:$K$300,Закрытые!$E$5:$E$300,$B22,Закрытые!$B$5:$B$300,"L-*")) | I22: =IF($B22="","",IF(COUNTIFS(Лэндинг!$E$5:$E$300,$B22)+COUNTIFS(Закрытые!$E$5:$E$300,$B22,Закрытые!$B$5:$B$300,"L-*")=0,"",ROUND(SUMIFS(Лэндинг!$L$5:$L$300,Лэндинг!$E$5:$E$300,$B22)+SUMIFS(Закрытые!$L$5:$L$300,Закрытые!$E$5:$E$300,$B22,Закрытые!$B$5:$B$300,"L-*"),8))) | J22: =IF($B22="","",IF(COUNTIFS(Лэндинг!$E$5:$E$300,$B22)+COUNTIFS(Закрытые!$E$5:$E$300,$B22,Закрытые!$B$5:$B$300,"L-*")=0,"",ROUND(SUMIFS(Лэндинг!$M$5:$M$300,Лэндинг!$E$5:$E$300,$B22)+SUMIFS(Закрытые!$M$5:$M$300,Закрытые!$E$5:$E$300,$B22,Закрытые!$B$5:$B$300,"L-*"),8))) | K22: =IF($B22="","",ROUND(SUMIFS(Закрытые!$N$5:$N$300,Закрытые!$E$5:$E$300,$B22,Закрытые!$B$5:$B$300,"L-*"),8)) | L22: =IF(K22="","",IF(SUMPRODUCT((Закрытые!$E$5:$E$300=$B22)*(LEFT(Закрытые!$B$5:$B$300,2)="L-")*(COUNTIF(Лэндинг!$B$5:$B$300,Закрытые!$B$5:$B$300)=0)*((Закрытые!$F$5:$F$300+Закрытые!$I$5:$I$300-ABS(Закрытые!$F$5:$F$300-Закрытые!$I$5:$I$300))/2)*Закрытые!$G$5:$G$300)<=0,0,ROUND(K22/SUMPRODUCT((Закрытые!$E$5:$E$300=$B22)*(LEFT(Закрытые!$B$5:$B$300,2)="L-")*(COUNTIF(Лэндинг!$B$5:$B$300,Закрытые!$B$5:$B$300)=0)*((Закрытые!$F$5:$F$300+Закрытые!$I$5:$I$300-ABS(Закрытые!$F$5:$F$300-Закрытые!$I$5:$I$300))/2)*Закрытые!$G$5:$G$300)*100,2))) | M22: =IF(OR(ROUND(N(C22)-N(F22),8)=0,1-N(Ввод!$E$17)/100<=0),"",IF(N(C22)>N(F22),(N(E22)-N(H22))/((N(C22)-N(F22))*(1-N(Ввод!$E$17)/100)),(N(H22)-N(E22))/((N(F22)-N(C22))*(1+N(Ввод!$E$17)/100))))
C23: =IF(SUMIFS(Лэндинг!$F$5:$F$300,Лэндинг!$E$5:$E$300,$B23)+SUMIFS(Закрытые!$F$5:$F$300,Закрытые!$E$5:$E$300,$B23,Закрытые!$B$5:$B$300,"L-*")=0,"",SUMIFS(Лэндинг!$F$5:$F$300,Лэндинг!$E$5:$E$300,$B23)+SUMIFS(Закрытые!$F$5:$F$300,Закрытые!$E$5:$E$300,$B23,Закрытые!$B$5:$B$300,"L-*")) | D23: =IF(C23="","",(SUMPRODUCT((Лэндинг!$E$5:$E$300=$B23)*Лэндинг!$F$5:$F$300*Лэндинг!$G$5:$G$300)+SUMPRODUCT((Закрытые!$E$5:$E$300=$B23)*(LEFT(Закрытые!$B$5:$B$300,2)="L-")*Закрытые!$F$5:$F$300*Закрытые!$G$5:$G$300))/C23) | E23: =IF(C23="","",SUMIFS(Лэндинг!$H$5:$H$300,Лэндинг!$E$5:$E$300,$B23)+SUMIFS(Закрытые!$H$5:$H$300,Закрытые!$E$5:$E$300,$B23,Закрытые!$B$5:$B$300,"L-*")) | F23: =IF(SUMIFS(Лэндинг!$I$5:$I$300,Лэндинг!$E$5:$E$300,$B23)+SUMIFS(Закрытые!$I$5:$I$300,Закрытые!$E$5:$E$300,$B23,Закрытые!$B$5:$B$300,"L-*")=0,"",SUMIFS(Лэндинг!$I$5:$I$300,Лэндинг!$E$5:$E$300,$B23)+SUMIFS(Закрытые!$I$5:$I$300,Закрытые!$E$5:$E$300,$B23,Закрытые!$B$5:$B$300,"L-*")) | G23: =IF(F23="","",(SUMPRODUCT((Лэндинг!$E$5:$E$300=$B23)*Лэндинг!$I$5:$I$300*Лэндинг!$J$5:$J$300)+SUMPRODUCT((Закрытые!$E$5:$E$300=$B23)*(LEFT(Закрытые!$B$5:$B$300,2)="L-")*Закрытые!$I$5:$I$300*Закрытые!$J$5:$J$300))/F23) | H23: =IF(F23="","",SUMIFS(Лэндинг!$K$5:$K$300,Лэндинг!$E$5:$E$300,$B23)+SUMIFS(Закрытые!$K$5:$K$300,Закрытые!$E$5:$E$300,$B23,Закрытые!$B$5:$B$300,"L-*")) | I23: =IF($B23="","",IF(COUNTIFS(Лэндинг!$E$5:$E$300,$B23)+COUNTIFS(Закрытые!$E$5:$E$300,$B23,Закрытые!$B$5:$B$300,"L-*")=0,"",ROUND(SUMIFS(Лэндинг!$L$5:$L$300,Лэндинг!$E$5:$E$300,$B23)+SUMIFS(Закрытые!$L$5:$L$300,Закрытые!$E$5:$E$300,$B23,Закрытые!$B$5:$B$300,"L-*"),8))) | J23: =IF($B23="","",IF(COUNTIFS(Лэндинг!$E$5:$E$300,$B23)+COUNTIFS(Закрытые!$E$5:$E$300,$B23,Закрытые!$B$5:$B$300,"L-*")=0,"",ROUND(SUMIFS(Лэндинг!$M$5:$M$300,Лэндинг!$E$5:$E$300,$B23)+SUMIFS(Закрытые!$M$5:$M$300,Закрытые!$E$5:$E$300,$B23,Закрытые!$B$5:$B$300,"L-*"),8))) | K23: =IF($B23="","",ROUND(SUMIFS(Закрытые!$N$5:$N$300,Закрытые!$E$5:$E$300,$B23,Закрытые!$B$5:$B$300,"L-*"),8)) | L23: =IF(K23="","",IF(SUMPRODUCT((Закрытые!$E$5:$E$300=$B23)*(LEFT(Закрытые!$B$5:$B$300,2)="L-")*(COUNTIF(Лэндинг!$B$5:$B$300,Закрытые!$B$5:$B$300)=0)*((Закрытые!$F$5:$F$300+Закрытые!$I$5:$I$300-ABS(Закрытые!$F$5:$F$300-Закрытые!$I$5:$I$300))/2)*Закрытые!$G$5:$G$300)<=0,0,ROUND(K23/SUMPRODUCT((Закрытые!$E$5:$E$300=$B23)*(LEFT(Закрытые!$B$5:$B$300,2)="L-")*(COUNTIF(Лэндинг!$B$5:$B$300,Закрытые!$B$5:$B$300)=0)*((Закрытые!$F$5:$F$300+Закрытые!$I$5:$I$300-ABS(Закрытые!$F$5:$F$300-Закрытые!$I$5:$I$300))/2)*Закрытые!$G$5:$G$300)*100,2))) | M23: =IF(OR(ROUND(N(C23)-N(F23),8)=0,1-N(Ввод!$E$17)/100<=0),"",IF(N(C23)>N(F23),(N(E23)-N(H23))/((N(C23)-N(F23))*(1-N(Ввод!$E$17)/100)),(N(H23)-N(E23))/((N(F23)-N(C23))*(1+N(Ввод!$E$17)/100))))
C24: =IF(SUMIFS(Лэндинг!$F$5:$F$300,Лэндинг!$E$5:$E$300,$B24)+SUMIFS(Закрытые!$F$5:$F$300,Закрытые!$E$5:$E$300,$B24,Закрытые!$B$5:$B$300,"L-*")=0,"",SUMIFS(Лэндинг!$F$5:$F$300,Лэндинг!$E$5:$E$300,$B24)+SUMIFS(Закрытые!$F$5:$F$300,Закрытые!$E$5:$E$300,$B24,Закрытые!$B$5:$B$300,"L-*")) | D24: =IF(C24="","",(SUMPRODUCT((Лэндинг!$E$5:$E$300=$B24)*Лэндинг!$F$5:$F$300*Лэндинг!$G$5:$G$300)+SUMPRODUCT((Закрытые!$E$5:$E$300=$B24)*(LEFT(Закрытые!$B$5:$B$300,2)="L-")*Закрытые!$F$5:$F$300*Закрытые!$G$5:$G$300))/C24) | E24: =IF(C24="","",SUMIFS(Лэндинг!$H$5:$H$300,Лэндинг!$E$5:$E$300,$B24)+SUMIFS(Закрытые!$H$5:$H$300,Закрытые!$E$5:$E$300,$B24,Закрытые!$B$5:$B$300,"L-*")) | F24: =IF(SUMIFS(Лэндинг!$I$5:$I$300,Лэндинг!$E$5:$E$300,$B24)+SUMIFS(Закрытые!$I$5:$I$300,Закрытые!$E$5:$E$300,$B24,Закрытые!$B$5:$B$300,"L-*")=0,"",SUMIFS(Лэндинг!$I$5:$I$300,Лэндинг!$E$5:$E$300,$B24)+SUMIFS(Закрытые!$I$5:$I$300,Закрытые!$E$5:$E$300,$B24,Закрытые!$B$5:$B$300,"L-*")) | G24: =IF(F24="","",(SUMPRODUCT((Лэндинг!$E$5:$E$300=$B24)*Лэндинг!$I$5:$I$300*Лэндинг!$J$5:$J$300)+SUMPRODUCT((Закрытые!$E$5:$E$300=$B24)*(LEFT(Закрытые!$B$5:$B$300,2)="L-")*Закрытые!$I$5:$I$300*Закрытые!$J$5:$J$300))/F24) | H24: =IF(F24="","",SUMIFS(Лэндинг!$K$5:$K$300,Лэндинг!$E$5:$E$300,$B24)+SUMIFS(Закрытые!$K$5:$K$300,Закрытые!$E$5:$E$300,$B24,Закрытые!$B$5:$B$300,"L-*")) | I24: =IF($B24="","",IF(COUNTIFS(Лэндинг!$E$5:$E$300,$B24)+COUNTIFS(Закрытые!$E$5:$E$300,$B24,Закрытые!$B$5:$B$300,"L-*")=0,"",ROUND(SUMIFS(Лэндинг!$L$5:$L$300,Лэндинг!$E$5:$E$300,$B24)+SUMIFS(Закрытые!$L$5:$L$300,Закрытые!$E$5:$E$300,$B24,Закрытые!$B$5:$B$300,"L-*"),8))) | J24: =IF($B24="","",IF(COUNTIFS(Лэндинг!$E$5:$E$300,$B24)+COUNTIFS(Закрытые!$E$5:$E$300,$B24,Закрытые!$B$5:$B$300,"L-*")=0,"",ROUND(SUMIFS(Лэндинг!$M$5:$M$300,Лэндинг!$E$5:$E$300,$B24)+SUMIFS(Закрытые!$M$5:$M$300,Закрытые!$E$5:$E$300,$B24,Закрытые!$B$5:$B$300,"L-*"),8))) | K24: =IF($B24="","",ROUND(SUMIFS(Закрытые!$N$5:$N$300,Закрытые!$E$5:$E$300,$B24,Закрытые!$B$5:$B$300,"L-*"),8)) | L24: =IF(K24="","",IF(SUMPRODUCT((Закрытые!$E$5:$E$300=$B24)*(LEFT(Закрытые!$B$5:$B$300,2)="L-")*(COUNTIF(Лэндинг!$B$5:$B$300,Закрытые!$B$5:$B$300)=0)*((Закрытые!$F$5:$F$300+Закрытые!$I$5:$I$300-ABS(Закрытые!$F$5:$F$300-Закрытые!$I$5:$I$300))/2)*Закрытые!$G$5:$G$300)<=0,0,ROUND(K24/SUMPRODUCT((Закрытые!$E$5:$E$300=$B24)*(LEFT(Закрытые!$B$5:$B$300,2)="L-")*(COUNTIF(Лэндинг!$B$5:$B$300,Закрытые!$B$5:$B$300)=0)*((Закрытые!$F$5:$F$300+Закрытые!$I$5:$I$300-ABS(Закрытые!$F$5:$F$300-Закрытые!$I$5:$I$300))/2)*Закрытые!$G$5:$G$300)*100,2))) | M24: =IF(OR(ROUND(N(C24)-N(F24),8)=0,1-N(Ввод!$E$17)/100<=0),"",IF(N(C24)>N(F24),(N(E24)-N(H24))/((N(C24)-N(F24))*(1-N(Ввод!$E$17)/100)),(N(H24)-N(E24))/((N(F24)-N(C24))*(1+N(Ввод!$E$17)/100))))
C25: =IF(SUMIFS(Лэндинг!$F$5:$F$300,Лэндинг!$E$5:$E$300,$B25)+SUMIFS(Закрытые!$F$5:$F$300,Закрытые!$E$5:$E$300,$B25,Закрытые!$B$5:$B$300,"L-*")=0,"",SUMIFS(Лэндинг!$F$5:$F$300,Лэндинг!$E$5:$E$300,$B25)+SUMIFS(Закрытые!$F$5:$F$300,Закрытые!$E$5:$E$300,$B25,Закрытые!$B$5:$B$300,"L-*")) | D25: =IF(C25="","",(SUMPRODUCT((Лэндинг!$E$5:$E$300=$B25)*Лэндинг!$F$5:$F$300*Лэндинг!$G$5:$G$300)+SUMPRODUCT((Закрытые!$E$5:$E$300=$B25)*(LEFT(Закрытые!$B$5:$B$300,2)="L-")*Закрытые!$F$5:$F$300*Закрытые!$G$5:$G$300))/C25) | E25: =IF(C25="","",SUMIFS(Лэндинг!$H$5:$H$300,Лэндинг!$E$5:$E$300,$B25)+SUMIFS(Закрытые!$H$5:$H$300,Закрытые!$E$5:$E$300,$B25,Закрытые!$B$5:$B$300,"L-*")) | F25: =IF(SUMIFS(Лэндинг!$I$5:$I$300,Лэндинг!$E$5:$E$300,$B25)+SUMIFS(Закрытые!$I$5:$I$300,Закрытые!$E$5:$E$300,$B25,Закрытые!$B$5:$B$300,"L-*")=0,"",SUMIFS(Лэндинг!$I$5:$I$300,Лэндинг!$E$5:$E$300,$B25)+SUMIFS(Закрытые!$I$5:$I$300,Закрытые!$E$5:$E$300,$B25,Закрытые!$B$5:$B$300,"L-*")) | G25: =IF(F25="","",(SUMPRODUCT((Лэндинг!$E$5:$E$300=$B25)*Лэндинг!$I$5:$I$300*Лэндинг!$J$5:$J$300)+SUMPRODUCT((Закрытые!$E$5:$E$300=$B25)*(LEFT(Закрытые!$B$5:$B$300,2)="L-")*Закрытые!$I$5:$I$300*Закрытые!$J$5:$J$300))/F25) | H25: =IF(F25="","",SUMIFS(Лэндинг!$K$5:$K$300,Лэндинг!$E$5:$E$300,$B25)+SUMIFS(Закрытые!$K$5:$K$300,Закрытые!$E$5:$E$300,$B25,Закрытые!$B$5:$B$300,"L-*")) | I25: =IF($B25="","",IF(COUNTIFS(Лэндинг!$E$5:$E$300,$B25)+COUNTIFS(Закрытые!$E$5:$E$300,$B25,Закрытые!$B$5:$B$300,"L-*")=0,"",ROUND(SUMIFS(Лэндинг!$L$5:$L$300,Лэндинг!$E$5:$E$300,$B25)+SUMIFS(Закрытые!$L$5:$L$300,Закрытые!$E$5:$E$300,$B25,Закрытые!$B$5:$B$300,"L-*"),8))) | J25: =IF($B25="","",IF(COUNTIFS(Лэндинг!$E$5:$E$300,$B25)+COUNTIFS(Закрытые!$E$5:$E$300,$B25,Закрытые!$B$5:$B$300,"L-*")=0,"",ROUND(SUMIFS(Лэндинг!$M$5:$M$300,Лэндинг!$E$5:$E$300,$B25)+SUMIFS(Закрытые!$M$5:$M$300,Закрытые!$E$5:$E$300,$B25,Закрытые!$B$5:$B$300,"L-*"),8))) | K25: =IF($B25="","",ROUND(SUMIFS(Закрытые!$N$5:$N$300,Закрытые!$E$5:$E$300,$B25,Закрытые!$B$5:$B$300,"L-*"),8)) | L25: =IF(K25="","",IF(SUMPRODUCT((Закрытые!$E$5:$E$300=$B25)*(LEFT(Закрытые!$B$5:$B$300,2)="L-")*(COUNTIF(Лэндинг!$B$5:$B$300,Закрытые!$B$5:$B$300)=0)*((Закрытые!$F$5:$F$300+Закрытые!$I$5:$I$300-ABS(Закрытые!$F$5:$F$300-Закрытые!$I$5:$I$300))/2)*Закрытые!$G$5:$G$300)<=0,0,ROUND(K25/SUMPRODUCT((Закрытые!$E$5:$E$300=$B25)*(LEFT(Закрытые!$B$5:$B$300,2)="L-")*(COUNTIF(Лэндинг!$B$5:$B$300,Закрытые!$B$5:$B$300)=0)*((Закрытые!$F$5:$F$300+Закрытые!$I$5:$I$300-ABS(Закрытые!$F$5:$F$300-Закрытые!$I$5:$I$300))/2)*Закрытые!$G$5:$G$300)*100,2))) | M25: =IF(OR(ROUND(N(C25)-N(F25),8)=0,1-N(Ввод!$E$17)/100<=0),"",IF(N(C25)>N(F25),(N(E25)-N(H25))/((N(C25)-N(F25))*(1-N(Ввод!$E$17)/100)),(N(H25)-N(E25))/((N(F25)-N(C25))*(1+N(Ввод!$E$17)/100))))
C26: =IF(SUMIFS(Лэндинг!$F$5:$F$300,Лэндинг!$E$5:$E$300,$B26)+SUMIFS(Закрытые!$F$5:$F$300,Закрытые!$E$5:$E$300,$B26,Закрытые!$B$5:$B$300,"L-*")=0,"",SUMIFS(Лэндинг!$F$5:$F$300,Лэндинг!$E$5:$E$300,$B26)+SUMIFS(Закрытые!$F$5:$F$300,Закрытые!$E$5:$E$300,$B26,Закрытые!$B$5:$B$300,"L-*")) | D26: =IF(C26="","",(SUMPRODUCT((Лэндинг!$E$5:$E$300=$B26)*Лэндинг!$F$5:$F$300*Лэндинг!$G$5:$G$300)+SUMPRODUCT((Закрытые!$E$5:$E$300=$B26)*(LEFT(Закрытые!$B$5:$B$300,2)="L-")*Закрытые!$F$5:$F$300*Закрытые!$G$5:$G$300))/C26) | E26: =IF(C26="","",SUMIFS(Лэндинг!$H$5:$H$300,Лэндинг!$E$5:$E$300,$B26)+SUMIFS(Закрытые!$H$5:$H$300,Закрытые!$E$5:$E$300,$B26,Закрытые!$B$5:$B$300,"L-*")) | F26: =IF(SUMIFS(Лэндинг!$I$5:$I$300,Лэндинг!$E$5:$E$300,$B26)+SUMIFS(Закрытые!$I$5:$I$300,Закрытые!$E$5:$E$300,$B26,Закрытые!$B$5:$B$300,"L-*")=0,"",SUMIFS(Лэндинг!$I$5:$I$300,Лэндинг!$E$5:$E$300,$B26)+SUMIFS(Закрытые!$I$5:$I$300,Закрытые!$E$5:$E$300,$B26,Закрытые!$B$5:$B$300,"L-*")) | G26: =IF(F26="","",(SUMPRODUCT((Лэндинг!$E$5:$E$300=$B26)*Лэндинг!$I$5:$I$300*Лэндинг!$J$5:$J$300)+SUMPRODUCT((Закрытые!$E$5:$E$300=$B26)*(LEFT(Закрытые!$B$5:$B$300,2)="L-")*Закрытые!$I$5:$I$300*Закрытые!$J$5:$J$300))/F26) | H26: =IF(F26="","",SUMIFS(Лэндинг!$K$5:$K$300,Лэндинг!$E$5:$E$300,$B26)+SUMIFS(Закрытые!$K$5:$K$300,Закрытые!$E$5:$E$300,$B26,Закрытые!$B$5:$B$300,"L-*")) | I26: =IF($B26="","",IF(COUNTIFS(Лэндинг!$E$5:$E$300,$B26)+COUNTIFS(Закрытые!$E$5:$E$300,$B26,Закрытые!$B$5:$B$300,"L-*")=0,"",ROUND(SUMIFS(Лэндинг!$L$5:$L$300,Лэндинг!$E$5:$E$300,$B26)+SUMIFS(Закрытые!$L$5:$L$300,Закрытые!$E$5:$E$300,$B26,Закрытые!$B$5:$B$300,"L-*"),8))) | J26: =IF($B26="","",IF(COUNTIFS(Лэндинг!$E$5:$E$300,$B26)+COUNTIFS(Закрытые!$E$5:$E$300,$B26,Закрытые!$B$5:$B$300,"L-*")=0,"",ROUND(SUMIFS(Лэндинг!$M$5:$M$300,Лэндинг!$E$5:$E$300,$B26)+SUMIFS(Закрытые!$M$5:$M$300,Закрытые!$E$5:$E$300,$B26,Закрытые!$B$5:$B$300,"L-*"),8))) | K26: =IF($B26="","",ROUND(SUMIFS(Закрытые!$N$5:$N$300,Закрытые!$E$5:$E$300,$B26,Закрытые!$B$5:$B$300,"L-*"),8)) | L26: =IF(K26="","",IF(SUMPRODUCT((Закрытые!$E$5:$E$300=$B26)*(LEFT(Закрытые!$B$5:$B$300,2)="L-")*(COUNTIF(Лэндинг!$B$5:$B$300,Закрытые!$B$5:$B$300)=0)*((Закрытые!$F$5:$F$300+Закрытые!$I$5:$I$300-ABS(Закрытые!$F$5:$F$300-Закрытые!$I$5:$I$300))/2)*Закрытые!$G$5:$G$300)<=0,0,ROUND(K26/SUMPRODUCT((Закрытые!$E$5:$E$300=$B26)*(LEFT(Закрытые!$B$5:$B$300,2)="L-")*(COUNTIF(Лэндинг!$B$5:$B$300,Закрытые!$B$5:$B$300)=0)*((Закрытые!$F$5:$F$300+Закрытые!$I$5:$I$300-ABS(Закрытые!$F$5:$F$300-Закрытые!$I$5:$I$300))/2)*Закрытые!$G$5:$G$300)*100,2))) | M26: =IF(OR(ROUND(N(C26)-N(F26),8)=0,1-N(Ввод!$E$17)/100<=0),"",IF(N(C26)>N(F26),(N(E26)-N(H26))/((N(C26)-N(F26))*(1-N(Ввод!$E$17)/100)),(N(H26)-N(E26))/((N(F26)-N(C26))*(1+N(Ввод!$E$17)/100))))
C27: =IF(SUMIFS(Лэндинг!$F$5:$F$300,Лэндинг!$E$5:$E$300,$B27)+SUMIFS(Закрытые!$F$5:$F$300,Закрытые!$E$5:$E$300,$B27,Закрытые!$B$5:$B$300,"L-*")=0,"",SUMIFS(Лэндинг!$F$5:$F$300,Лэндинг!$E$5:$E$300,$B27)+SUMIFS(Закрытые!$F$5:$F$300,Закрытые!$E$5:$E$300,$B27,Закрытые!$B$5:$B$300,"L-*")) | D27: =IF(C27="","",(SUMPRODUCT((Лэндинг!$E$5:$E$300=$B27)*Лэндинг!$F$5:$F$300*Лэндинг!$G$5:$G$300)+SUMPRODUCT((Закрытые!$E$5:$E$300=$B27)*(LEFT(Закрытые!$B$5:$B$300,2)="L-")*Закрытые!$F$5:$F$300*Закрытые!$G$5:$G$300))/C27) | E27: =IF(C27="","",SUMIFS(Лэндинг!$H$5:$H$300,Лэндинг!$E$5:$E$300,$B27)+SUMIFS(Закрытые!$H$5:$H$300,Закрытые!$E$5:$E$300,$B27,Закрытые!$B$5:$B$300,"L-*")) | F27: =IF(SUMIFS(Лэндинг!$I$5:$I$300,Лэндинг!$E$5:$E$300,$B27)+SUMIFS(Закрытые!$I$5:$I$300,Закрытые!$E$5:$E$300,$B27,Закрытые!$B$5:$B$300,"L-*")=0,"",SUMIFS(Лэндинг!$I$5:$I$300,Лэндинг!$E$5:$E$300,$B27)+SUMIFS(Закрытые!$I$5:$I$300,Закрытые!$E$5:$E$300,$B27,Закрытые!$B$5:$B$300,"L-*")) | G27: =IF(F27="","",(SUMPRODUCT((Лэндинг!$E$5:$E$300=$B27)*Лэндинг!$I$5:$I$300*Лэндинг!$J$5:$J$300)+SUMPRODUCT((Закрытые!$E$5:$E$300=$B27)*(LEFT(Закрытые!$B$5:$B$300,2)="L-")*Закрытые!$I$5:$I$300*Закрытые!$J$5:$J$300))/F27) | H27: =IF(F27="","",SUMIFS(Лэндинг!$K$5:$K$300,Лэндинг!$E$5:$E$300,$B27)+SUMIFS(Закрытые!$K$5:$K$300,Закрытые!$E$5:$E$300,$B27,Закрытые!$B$5:$B$300,"L-*")) | I27: =IF($B27="","",IF(COUNTIFS(Лэндинг!$E$5:$E$300,$B27)+COUNTIFS(Закрытые!$E$5:$E$300,$B27,Закрытые!$B$5:$B$300,"L-*")=0,"",ROUND(SUMIFS(Лэндинг!$L$5:$L$300,Лэндинг!$E$5:$E$300,$B27)+SUMIFS(Закрытые!$L$5:$L$300,Закрытые!$E$5:$E$300,$B27,Закрытые!$B$5:$B$300,"L-*"),8))) | J27: =IF($B27="","",IF(COUNTIFS(Лэндинг!$E$5:$E$300,$B27)+COUNTIFS(Закрытые!$E$5:$E$300,$B27,Закрытые!$B$5:$B$300,"L-*")=0,"",ROUND(SUMIFS(Лэндинг!$M$5:$M$300,Лэндинг!$E$5:$E$300,$B27)+SUMIFS(Закрытые!$M$5:$M$300,Закрытые!$E$5:$E$300,$B27,Закрытые!$B$5:$B$300,"L-*"),8))) | K27: =IF($B27="","",ROUND(SUMIFS(Закрытые!$N$5:$N$300,Закрытые!$E$5:$E$300,$B27,Закрытые!$B$5:$B$300,"L-*"),8)) | L27: =IF(K27="","",IF(SUMPRODUCT((Закрытые!$E$5:$E$300=$B27)*(LEFT(Закрытые!$B$5:$B$300,2)="L-")*(COUNTIF(Лэндинг!$B$5:$B$300,Закрытые!$B$5:$B$300)=0)*((Закрытые!$F$5:$F$300+Закрытые!$I$5:$I$300-ABS(Закрытые!$F$5:$F$300-Закрытые!$I$5:$I$300))/2)*Закрытые!$G$5:$G$300)<=0,0,ROUND(K27/SUMPRODUCT((Закрытые!$E$5:$E$300=$B27)*(LEFT(Закрытые!$B$5:$B$300,2)="L-")*(COUNTIF(Лэндинг!$B$5:$B$300,Закрытые!$B$5:$B$300)=0)*((Закрытые!$F$5:$F$300+Закрытые!$I$5:$I$300-ABS(Закрытые!$F$5:$F$300-Закрытые!$I$5:$I$300))/2)*Закрытые!$G$5:$G$300)*100,2))) | M27: =IF(OR(ROUND(N(C27)-N(F27),8)=0,1-N(Ввод!$E$17)/100<=0),"",IF(N(C27)>N(F27),(N(E27)-N(H27))/((N(C27)-N(F27))*(1-N(Ввод!$E$17)/100)),(N(H27)-N(E27))/((N(F27)-N(C27))*(1+N(Ввод!$E$17)/100))))
... C300: =IF(SUMIFS(Лэндинг!$F$5:$F$300,Лэндинг!$E$5:$E$300,$B300)+SUMIFS(Закрытые!$F$5:$F$300,Закрытые!$E$5:$E$300,$B300,Закрытые!$B$5:$B$300,"L-*")=0,"",SUMIFS(Лэндинг!$F$5:$F$300,Лэндинг!$E$5:$E$300,$B300)+SUMIFS(Закрытые!$F$5:$F$300,Закрытые!$E$5:$E$300,$B300,Закрытые!$B$5:$B$300,"L-*")) | D300: =IF(C300="","",(SUMPRODUCT((Лэндинг!$E$5:$E$300=$B300)*Лэндинг!$F$5:$F$300*Лэндинг!$G$5:$G$300)+SUMPRODUCT((Закрытые!$E$5:$E$300=$B300)*(LEFT(Закрытые!$B$5:$B$300,2)="L-")*Закрытые!$F$5:$F$300*Закрытые!$G$5:$G$300))/C300) | E300: =IF(C300="","",SUMIFS(Лэндинг!$H$5:$H$300,Лэндинг!$E$5:$E$300,$B300)+SUMIFS(Закрытые!$H$5:$H$300,Закрытые!$E$5:$E$300,$B300,Закрытые!$B$5:$B$300,"L-*")) | F300: =IF(SUMIFS(Лэндинг!$I$5:$I$300,Лэндинг!$E$5:$E$300,$B300)+SUMIFS(Закрытые!$I$5:$I$300,Закрытые!$E$5:$E$300,$B300,Закрытые!$B$5:$B$300,"L-*")=0,"",SUMIFS(Лэндинг!$I$5:$I$300,Лэндинг!$E$5:$E$300,$B300)+SUMIFS(Закрытые!$I$5:$I$300,Закрытые!$E$5:$E$300,$B300,Закрытые!$B$5:$B$300,"L-*")) | G300: =IF(F300="","",(SUMPRODUCT((Лэндинг!$E$5:$E$300=$B300)*Лэндинг!$I$5:$I$300*Лэндинг!$J$5:$J$300)+SUMPRODUCT((Закрытые!$E$5:$E$300=$B300)*(LEFT(Закрытые!$B$5:$B$300,2)="L-")*Закрытые!$I$5:$I$300*Закрытые!$J$5:$J$300))/F300) | H300: =IF(F300="","",SUMIFS(Лэндинг!$K$5:$K$300,Лэндинг!$E$5:$E$300,$B300)+SUMIFS(Закрытые!$K$5:$K$300,Закрытые!$E$5:$E$300,$B300,Закрытые!$B$5:$B$300,"L-*")) | I300: =IF($B300="","",IF(COUNTIFS(Лэндинг!$E$5:$E$300,$B300)+COUNTIFS(Закрытые!$E$5:$E$300,$B300,Закрытые!$B$5:$B$300,"L-*")=0,"",ROUND(SUMIFS(Лэндинг!$L$5:$L$300,Лэндинг!$E$5:$E$300,$B300)+SUMIFS(Закрытые!$L$5:$L$300,Закрытые!$E$5:$E$300,$B300,Закрытые!$B$5:$B$300,"L-*"),8))) | J300: =IF($B300="","",IF(COUNTIFS(Лэндинг!$E$5:$E$300,$B300)+COUNTIFS(Закрытые!$E$5:$E$300,$B300,Закрытые!$B$5:$B$300,"L-*")=0,"",ROUND(SUMIFS(Лэндинг!$M$5:$M$300,Лэндинг!$E$5:$E$300,$B300)+SUMIFS(Закрытые!$M$5:$M$300,Закрытые!$E$5:$E$300,$B300,Закрытые!$B$5:$B$300,"L-*"),8))) | K300: =IF($B300="","",ROUND(SUMIFS(Закрытые!$N$5:$N$300,Закрытые!$E$5:$E$300,$B300,Закрытые!$B$5:$B$300,"L-*"),8)) | L300: =IF(K300="","",IF(SUMPRODUCT((Закрытые!$E$5:$E$300=$B300)*(LEFT(Закрытые!$B$5:$B$300,2)="L-")*(COUNTIF(Лэндинг!$B$5:$B$300,Закрытые!$B$5:$B$300)=0)*((Закрытые!$F$5:$F$300+Закрытые!$I$5:$I$300-ABS(Закрытые!$F$5:$F$300-Закрытые!$I$5:$I$300))/2)*Закрытые!$G$5:$G$300)<=0,0,ROUND(K300/SUMPRODUCT((Закрытые!$E$5:$E$300=$B300)*(LEFT(Закрытые!$B$5:$B$300,2)="L-")*(COUNTIF(Лэндинг!$B$5:$B$300,Закрытые!$B$5:$B$300)=0)*((Закрытые!$F$5:$F$300+Закрытые!$I$5:$I$300-ABS(Закрытые!$F$5:$F$300-Закрытые!$I$5:$I$300))/2)*Закрытые!$G$5:$G$300)*100,2))) | M300: =IF(OR(ROUND(N(C300)-N(F300),8)=0,1-N(Ввод!$E$17)/100<=0),"",IF(N(C300)>N(F300),(N(E300)-N(H300))/((N(C300)-N(F300))*(1-N(Ввод!$E$17)/100)),(N(H300)-N(E300))/((N(F300)-N(C300))*(1+N(Ввод!$E$17)/100))))

Sheet Пул
B1: CRYPTO JOURNAL • ПУЛ
B4: ID | C4: Дата | D4: Протокол | E4: Пара | F4: Открыто | G4: Актив 2 | H4: Закрыто | I4: Актив 2 | J4: Дельта 1 | K4: Дельта 2 | L4: Статус | M4: Min | N4: Max
B5: P-0003 | C5: 46297 | D5: PancakeSwap | E5: BNB/USDT | F5: 4 | G5: 2360 | H5: 4.2 | I5: 2300 | J5: =IF(AND(L5="Закрыт",ISNUMBER(F5),ISNUMBER(H5)),ROUND(H5-F5,8),"") | K5: =IF(AND(L5="Закрыт",ISNUMBER(G5),ISNUMBER(I5)),ROUND(I5-G5,8),"") | L5: Закрыт
B6: P-0006 | C6: 46299 | D6: Uniswap | E6: BTC/USDT | F6: 0.05 | G6: 3125 | J6: =IF(AND(L6="Закрыт",ISNUMBER(F6),ISNUMBER(H6)),ROUND(H6-F6,8),"") | K6: =IF(AND(L6="Закрыт",ISNUMBER(G6),ISNUMBER(I6)),ROUND(I6-G6,8),"") | L6: Открыт | M6: 58000 | N6: 68000
B7: P-0001 | C7: 46296 | D7: Uniswap | E7: ETH/BTC | F7: 2 | G7: 0.104 | H7: 1.96 | I7: 0.1092 | J7: =IF(AND(L7="Закрыт",ISNUMBER(F7),ISNUMBER(H7)),ROUND(H7-F7,8),"") | K7: =IF(AND(L7="Закрыт",ISNUMBER(G7),ISNUMBER(I7)),ROUND(I7-G7,8),"") | L7: Закрыт
B8: P-0007 | C8: 46299 | D8: PancakeSwap | E8: ETH/BTC | F8: 1.2 | G8: 0.0624 | J8: =IF(AND(L8="Закрыт",ISNUMBER(F8),ISNUMBER(H8)),ROUND(H8-F8,8),"") | K8: =IF(AND(L8="Закрыт",ISNUMBER(G8),ISNUMBER(I8)),ROUND(I8-G8,8),"") | L8: Открыт
B9: P-0004 | C9: 46298 | D9: Uniswap | E9: ETH/USDT | F9: 1.5 | G9: 4800 | J9: =IF(AND(L9="Закрыт",ISNUMBER(F9),ISNUMBER(H9)),ROUND(H9-F9,8),"") | K9: =IF(AND(L9="Закрыт",ISNUMBER(G9),ISNUMBER(I9)),ROUND(I9-G9,8),"") | L9: Открыт | M9: 2800 | N9: 3600
B10: P-0002 | C10: 46296 | D10: Raydium | E10: SOL/USDT | F10: 30 | G10: 4350 | H10: 28.5 | I10: 4560 | J10: =IF(AND(L10="Закрыт",ISNUMBER(F10),ISNUMBER(H10)),ROUND(H10-F10,8),"") | K10: =IF(AND(L10="Закрыт",ISNUMBER(G10),ISNUMBER(I10)),ROUND(I10-G10,8),"") | L10: Закрыт
B11: P-0005 | C11: 46298 | D11: Orca | E11: SOL/USDT | F11: 12 | G11: 1740 | H11: 12.6 | I11: 1688 | J11: =IF(AND(L11="Закрыт",ISNUMBER(F11),ISNUMBER(H11)),ROUND(H11-F11,8),"") | K11: =IF(AND(L11="Закрыт",ISNUMBER(G11),ISNUMBER(I11)),ROUND(I11-G11,8),"") | L11: Закрыт
B12: P-0008 | C12: 46299 | D12: Raydium | E12: SOL/USDT | F12: 25 | G12: 3625 | H12: 10 | I12: 1480 | J12: =IF(AND(L12="Закрыт",ISNUMBER(F12),ISNUMBER(H12)),ROUND(H12-F12,8),"") | K12: =IF(AND(L12="Закрыт",ISNUMBER(G12),ISNUMBER(I12)),ROUND(I12-G12,8),"") | L12: Открыт
B13: P-0009 | C13: 46302 | D13: Raydium | E13: SOL/USDT | F13: 20 | G13: 3000 | J13: =IF(AND(L13="Закрыт",ISNUMBER(F13),ISNUMBER(H13)),ROUND(H13-F13,8),"") | K13: =IF(AND(L13="Закрыт",ISNUMBER(G13),ISNUMBER(I13)),ROUND(I13-G13,8),"") | L13: Открыт | M13: 130 | N13: 170
B14: P-0010 | C14: 46302 | D14: Raydium | E14: ELIZAOS/SOL | F14: 10000 | G14: 23.5 | J14: =IF(AND(L14="Закрыт",ISNUMBER(F14),ISNUMBER(H14)),ROUND(H14-F14,8),"") | K14: =IF(AND(L14="Закрыт",ISNUMBER(G14),ISNUMBER(I14)),ROUND(I14-G14,8),"") | L14: Открыт
B15: P-0011 | C15: 46302 | D15: Orca | E15: SOL/USDT | F15: 15 | G15: 2250 | J15: =IF(AND(L15="Закрыт",ISNUMBER(F15),ISNUMBER(H15)),ROUND(H15-F15,8),"") | K15: =IF(AND(L15="Закрыт",ISNUMBER(G15),ISNUMBER(I15)),ROUND(I15-G15,8),"") | L15: Открыт
B16: P-0012 | C16: 46302 | D16: Uniswap | E16: ETH/BTC | F16: 2.5 | G16: 0.129 | J16: =IF(AND(L16="Закрыт",ISNUMBER(F16),ISNUMBER(H16)),ROUND(H16-F16,8),"") | K16: =IF(AND(L16="Закрыт",ISNUMBER(G16),ISNUMBER(I16)),ROUND(I16-G16,8),"") | L16: Открыт
B17: P-0013 | C17: 46303 | D17: PancakeSwap | E17: BNB/ETH | F17: 6 | G17: 1.125 | J17: =IF(AND(L17="Закрыт",ISNUMBER(F17),ISNUMBER(H17)),ROUND(H17-F17,8),"") | K17: =IF(AND(L17="Закрыт",ISNUMBER(G17),ISNUMBER(I17)),ROUND(I17-G17,8),"") | L17: Открыт
B18: P-0014 | C18: 46302 | D18: Uniswap | E18: ETH/USDT | F18: 1.5 | G18: 4800 | H18: 1.46 | I18: 4990 | J18: =IF(AND(L18="Закрыт",ISNUMBER(F18),ISNUMBER(H18)),ROUND(H18-F18,8),"") | K18: =IF(AND(L18="Закрыт",ISNUMBER(G18),ISNUMBER(I18)),ROUND(I18-G18,8),"") | L18: Закрыт
B19: P-0015 | C19: 46302 | D19: Uniswap | E19: ARB/ETH | F19: 8000 | G19: 1.375 | H19: 8350 | I19: 1.31 | J19: =IF(AND(L19="Закрыт",ISNUMBER(F19),ISNUMBER(H19)),ROUND(H19-F19,8),"") | K19: =IF(AND(L19="Закрыт",ISNUMBER(G19),ISNUMBER(I19)),ROUND(I19-G19,8),"") | L19: Закрыт
